지점,지점명,일시,기온(°C),기온 QC플래그,강수량(mm),강수량 QC플래그,풍속(m/s),풍속 QC플래그,습도(%),습도 QC플래그
108,서울,2025-07-01 00:00,27.7,,,,2.6,,77,
108,서울,2025-07-01 01:00,27.4,,,,2.6,,79,
108,서울,2025-07-01 02:00,27.1,,,,2.7,,81,
108,서울,2025-07-01 03:00,26.9,,,,2.6,,82,
108,서울,2025-07-01 04:00,26.7,,,,3.2,,84,
108,서울,2025-07-01 05:00,26.7,,0,,2.9,,84,
108,서울,2025-07-01 06:00,26.5,,0,,2,,87,
108,서울,2025-07-01 07:00,26.4,,.1,,2.4,,91,
108,서울,2025-07-01 08:00,26.4,,.8,,3.1,,91,
108,서울,2025-07-01 09:00,27,,0,,2.7,,88,
108,서울,2025-07-01 10:00,28.1,,0,,2.9,,83,
108,서울,2025-07-01 11:00,29.1,,0,,2.8,,78,
108,서울,2025-07-01 12:00,29.8,,,9,3.3,,75,
108,서울,2025-07-01 13:00,31.3,,,9,3.2,,71,
108,서울,2025-07-01 14:00,31.6,,,9,2.8,,69,
108,서울,2025-07-01 15:00,31.2,,,9,3.8,,69,
108,서울,2025-07-01 16:00,31.6,,,9,3.4,,69,
108,서울,2025-07-01 17:00,31.2,,,9,4.7,,68,
108,서울,2025-07-01 18:00,31.1,,,9,3.1,,69,
108,서울,2025-07-01 19:00,30.1,,,9,2.7,,71,
108,서울,2025-07-01 20:00,29.4,,,9,3.2,,74,
108,서울,2025-07-01 21:00,28.6,,,9,2.9,,78,
108,서울,2025-07-01 22:00,28.3,,,9,2.9,,79,
108,서울,2025-07-01 23:00,28,,,9,3.2,,81,
108,서울,2025-07-02 00:00,27.8,,,9,2.6,,81,
108,서울,2025-07-02 01:00,27.4,,,,1.9,,82,
108,서울,2025-07-02 02:00,27.2,,,,3.2,,82,
108,서울,2025-07-02 03:00,27,,,,2.5,,83,
108,서울,2025-07-02 04:00,27,,,,2.5,,84,
108,서울,2025-07-02 05:00,26.9,,,,2.4,,84,
108,서울,2025-07-02 06:00,26.8,,,,2.6,,83,
108,서울,2025-07-02 07:00,27,,,,3.4,,82,
108,서울,2025-07-02 08:00,27.4,,,,2.7,,81,
108,서울,2025-07-02 09:00,28.2,,,,3.5,,79,
108,서울,2025-07-02 10:00,28.8,,,,3.7,,77,
108,서울,2025-07-02 11:00,29.1,,,,3.2,,75,
108,서울,2025-07-02 12:00,30.2,,,,4.3,,69,
108,서울,2025-07-02 13:00,30.6,,,,5.2,,67,
108,서울,2025-07-02 14:00,30.2,,,,4.2,,69,
108,서울,2025-07-02 15:00,30.2,,0,,3.6,,69,
108,서울,2025-07-02 16:00,30.4,,,9,3.4,,66,
108,서울,2025-07-02 17:00,30.6,,,9,3.6,,62,
108,서울,2025-07-02 18:00,30.3,,,9,3.2,,67,
108,서울,2025-07-02 19:00,29.5,,,9,3.2,,67,
108,서울,2025-07-02 20:00,28.8,,,9,2.6,,71,
108,서울,2025-07-02 21:00,28.3,,,9,2.9,,78,
108,서울,2025-07-02 22:00,28,,,9,2.1,,79,
108,서울,2025-07-02 23:00,27.8,,,9,2.6,,81,
108,서울,2025-07-03 00:00,27.6,,,9,2.1,,82,
108,서울,2025-07-03 01:00,27.4,,,,2.4,,84,
108,서울,2025-07-03 02:00,27.2,,,,2.2,,85,
108,서울,2025-07-03 03:00,27.1,,,,1.9,,85,
108,서울,2025-07-03 04:00,27,,,,2,,87,
108,서울,2025-07-03 05:00,26.9,,,,2.1,,85,
108,서울,2025-07-03 06:00,26.8,,,,3,,85,
108,서울,2025-07-03 07:00,26.8,,,,3.3,,84,
108,서울,2025-07-03 08:00,27,,,,1.8,,83,
108,서울,2025-07-03 09:00,27.1,,,,3.7,,81,
108,서울,2025-07-03 10:00,27.5,,,,3.2,,80,
108,서울,2025-07-03 11:00,28.2,,,,2.8,,77,
108,서울,2025-07-03 12:00,28.5,,0,,2.9,,75,
108,서울,2025-07-03 13:00,28.6,,,9,4.2,,75,
108,서울,2025-07-03 14:00,30,,,9,2.9,,69,
108,서울,2025-07-03 15:00,31.5,,,9,3.2,,61,
108,서울,2025-07-03 16:00,31.1,,,9,3.5,,61,
108,서울,2025-07-03 17:00,31.5,,,9,4,,56,
108,서울,2025-07-03 18:00,30.5,,,9,2.9,,63,
108,서울,2025-07-03 19:00,29.6,,,9,3,,70,
108,서울,2025-07-03 20:00,28.7,,,9,2.6,,72,
108,서울,2025-07-03 21:00,28,,,9,2.7,,74,
108,서울,2025-07-03 22:00,27.5,,,9,2.3,,76,
108,서울,2025-07-03 23:00,27,,,9,2.2,,79,
108,서울,2025-07-04 00:00,26.5,,,9,3.1,,80,
108,서울,2025-07-04 01:00,26.3,,,,2.9,,80,
108,서울,2025-07-04 02:00,26.1,,,,3.8,,81,
108,서울,2025-07-04 03:00,26,,,,2.6,,80,
108,서울,2025-07-04 04:00,25.8,,,,3,,81,
108,서울,2025-07-04 05:00,25.8,,,,2.4,,82,
108,서울,2025-07-04 06:00,25.7,,,,2.7,,84,
108,서울,2025-07-04 07:00,26,,,,2.9,,82,
108,서울,2025-07-04 08:00,26.6,,,,2.3,,78,
108,서울,2025-07-04 09:00,26.8,,,,3.5,,75,
108,서울,2025-07-04 10:00,27.1,,,,3,,73,
108,서울,2025-07-04 11:00,27.3,,0,,3.2,,75,
108,서울,2025-07-04 12:00,27,,0,,2.8,,76,
108,서울,2025-07-04 13:00,27.4,,0,,4.1,,74,
108,서울,2025-07-04 14:00,29.1,,,9,3.9,,69,
108,서울,2025-07-04 15:00,29.5,,,9,3.9,,67,
108,서울,2025-07-04 16:00,28.9,,0,,3.8,,71,
108,서울,2025-07-04 17:00,28.6,,0,,3.9,,74,
108,서울,2025-07-04 18:00,28.4,,,9,3,,75,
108,서울,2025-07-04 19:00,28.1,,,9,3.2,,76,
108,서울,2025-07-04 20:00,27.7,,,9,3.9,,77,
108,서울,2025-07-04 21:00,27.4,,,9,3,,78,
108,서울,2025-07-04 22:00,27.1,,,9,3.2,,79,
108,서울,2025-07-04 23:00,26.9,,,9,2.3,,81,
108,서울,2025-07-05 00:00,26.7,,,9,3.8,,81,
108,서울,2025-07-05 01:00,26.6,,,,2.6,,81,
108,서울,2025-07-05 02:00,26.5,,,,2.2,,82,
108,서울,2025-07-05 03:00,26.3,,,,2.7,,81,
108,서울,2025-07-05 04:00,26.2,,,,2.5,,83,
108,서울,2025-07-05 05:00,26.1,,,,1.6,,83,
108,서울,2025-07-05 06:00,26,,,,2.8,,81,
108,서울,2025-07-05 07:00,26.2,,,,2.1,,82,
108,서울,2025-07-05 08:00,26.4,,,,2.1,,81,
108,서울,2025-07-05 09:00,27.2,,,,2.4,,77,
108,서울,2025-07-05 10:00,27.7,,,,2.7,,73,
108,서울,2025-07-05 11:00,28.2,,,,2.7,,71,
108,서울,2025-07-05 12:00,29.2,,,,2.8,,68,
108,서울,2025-07-05 13:00,30.3,,,,2.8,,66,
108,서울,2025-07-05 14:00,31.1,,,,2.9,,64,
108,서울,2025-07-05 15:00,32.2,,,,2.8,,61,
108,서울,2025-07-05 16:00,32,,,,3.6,,60,
108,서울,2025-07-05 17:00,31.2,,,,3.8,,61,
108,서울,2025-07-05 18:00,30.7,,,,3.1,,65,
108,서울,2025-07-05 19:00,30.1,,,,2.7,,68,
108,서울,2025-07-05 20:00,29.2,,,,2.7,,71,
108,서울,2025-07-05 21:00,28.7,,,,2.4,,72,
108,서울,2025-07-05 22:00,28,,,,3.4,,76,
108,서울,2025-07-05 23:00,27.4,,,,3.2,,79,
108,서울,2025-07-06 00:00,27.1,,,,3.3,,78,
108,서울,2025-07-06 01:00,26.8,,,,2.9,,79,
108,서울,2025-07-06 02:00,26.6,,,,2.1,,80,
108,서울,2025-07-06 03:00,26.6,,,,2.6,,81,
108,서울,2025-07-06 04:00,26.5,,,,2.4,,82,
108,서울,2025-07-06 05:00,26.5,,,,3.2,,82,
108,서울,2025-07-06 06:00,26.4,,,,3.2,,83,
108,서울,2025-07-06 07:00,26.4,,,,2.9,,82,
108,서울,2025-07-06 08:00,26.4,,,,2.3,,83,
108,서울,2025-07-06 09:00,26.6,,,,2.8,,82,
108,서울,2025-07-06 10:00,27.4,,,,1.8,,79,
108,서울,2025-07-06 11:00,28.6,,,,1.4,,76,
108,서울,2025-07-06 12:00,30.6,,,,2.5,,68,
108,서울,2025-07-06 13:00,31.5,,,,2.7,,63,
108,서울,2025-07-06 14:00,32.6,,,,2.8,,61,
108,서울,2025-07-06 15:00,32.7,,,,2.7,,60,
108,서울,2025-07-06 16:00,32.3,,,,3,,62,
108,서울,2025-07-06 17:00,31.9,,,,3.4,,62,
108,서울,2025-07-06 18:00,32,,,,1.8,,67,
108,서울,2025-07-06 19:00,31.4,,,,2.2,,67,
108,서울,2025-07-06 20:00,30.2,,,,1.7,,72,
108,서울,2025-07-06 21:00,29.5,,,,2.1,,74,
108,서울,2025-07-06 22:00,28.8,,,,2.1,,77,
108,서울,2025-07-06 23:00,28.4,,,,1.5,,79,
108,서울,2025-07-07 00:00,28.2,,,,1.3,,79,
108,서울,2025-07-07 01:00,27.7,,,,2.6,,79,
108,서울,2025-07-07 02:00,27.3,,,,1.8,,81,
108,서울,2025-07-07 03:00,27.2,,,,2.3,,82,
108,서울,2025-07-07 04:00,27,,,,2.4,,81,
108,서울,2025-07-07 05:00,27,,,,2.4,,82,
108,서울,2025-07-07 06:00,26.7,,,,2.8,,85,
108,서울,2025-07-07 07:00,26.8,,,,1.2,,84,
108,서울,2025-07-07 08:00,27.2,,,,1,,84,
108,서울,2025-07-07 09:00,27.5,,,,.8,,83,
108,서울,2025-07-07 10:00,28,,,,1.3,,82,
108,서울,2025-07-07 11:00,28.3,,,,2,,81,
108,서울,2025-07-07 12:00,28.8,,,,1.3,,79,
108,서울,2025-07-07 13:00,30.7,,,,1.6,,74,
108,서울,2025-07-07 14:00,32.3,,,,.8,,70,
108,서울,2025-07-07 15:00,32.8,,,,2.1,,66,
108,서울,2025-07-07 16:00,33,,,,2.1,,67,
108,서울,2025-07-07 17:00,32.8,,,,3.5,,69,
108,서울,2025-07-07 18:00,32.2,,,,2.8,,72,
108,서울,2025-07-07 19:00,30.9,,,,2.8,,75,
108,서울,2025-07-07 20:00,29.7,,,,2.2,,81,
108,서울,2025-07-07 21:00,29.1,,,,1.8,,81,
108,서울,2025-07-07 22:00,28.8,,,,1.4,,82,
108,서울,2025-07-07 23:00,28.6,,,,1.2,,83,
108,서울,2025-07-08 00:00,28.4,,,,1.7,,84,
108,서울,2025-07-08 01:00,28.2,,,,1.4,,85,
108,서울,2025-07-08 02:00,27.9,,,,.8,,87,
108,서울,2025-07-08 03:00,27.7,,,,1.2,,87,
108,서울,2025-07-08 04:00,27.4,,,,1.3,,88,
108,서울,2025-07-08 05:00,27,,,,1.5,,88,
108,서울,2025-07-08 06:00,27,,,,1.5,,88,
108,서울,2025-07-08 07:00,27.7,,,,2,,85,
108,서울,2025-07-08 08:00,29.5,,,,2.5,,77,
108,서울,2025-07-08 09:00,31.1,,,,1.9,,72,
108,서울,2025-07-08 10:00,32.7,,,,2.3,,65,
108,서울,2025-07-08 11:00,34.4,,,,2,,60,
108,서울,2025-07-08 12:00,35.3,,,,2.1,,56,
108,서울,2025-07-08 13:00,35.2,,,,2.7,,55,
108,서울,2025-07-08 14:00,36.7,,,,2.3,,51,
108,서울,2025-07-08 15:00,37.4,,,,1.3,,48,
108,서울,2025-07-08 16:00,36.6,,,,2.5,,49,
108,서울,2025-07-08 17:00,37.2,,,,2.2,,49,
108,서울,2025-07-08 18:00,36,,,,4.1,,57,
108,서울,2025-07-08 19:00,27.9,,6.4,,6.3,,80,
108,서울,2025-07-08 20:00,27.2,,4.9,,1.4,,81,
108,서울,2025-07-08 21:00,27.4,,.5,,2.2,,87,
108,서울,2025-07-08 22:00,27.8,,0,,.9,,84,
108,서울,2025-07-08 23:00,28.1,,,9,.7,,84,
108,서울,2025-07-09 00:00,28.2,,,9,2,,85,
108,서울,2025-07-09 01:00,28.3,,,,.9,,81,
108,서울,2025-07-09 02:00,28.3,,,,1.1,,79,
108,서울,2025-07-09 03:00,28,,,,1.1,,82,
108,서울,2025-07-09 04:00,27.8,,,,1.9,,81,
108,서울,2025-07-09 05:00,27.6,,,,1.8,,82,
108,서울,2025-07-09 06:00,27.5,,,,2.4,,80,
108,서울,2025-07-09 07:00,27.9,,,,1.7,,77,
108,서울,2025-07-09 08:00,29.7,,,,2.7,,71,
108,서울,2025-07-09 09:00,31.3,,,,2.3,,63,
108,서울,2025-07-09 10:00,32.3,,,,2.8,,62,
108,서울,2025-07-09 11:00,33.6,,,,2.5,,57,
108,서울,2025-07-09 12:00,33.8,,,,2.2,,55,
108,서울,2025-07-09 13:00,34,,,,2.3,,53,
108,서울,2025-07-09 14:00,35.4,,,,2.5,,48,
108,서울,2025-07-09 15:00,35.4,,,,2.2,,48,
108,서울,2025-07-09 16:00,35.5,,,,2.1,,46,
108,서울,2025-07-09 17:00,35.4,,,,1.9,,47,
108,서울,2025-07-09 18:00,35.3,,,,1.8,,48,
108,서울,2025-07-09 19:00,34.4,,,,2,,51,
108,서울,2025-07-09 20:00,33.5,,,,2.2,,53,
108,서울,2025-07-09 21:00,32.9,,,,1.3,,54,
108,서울,2025-07-09 22:00,32.1,,,,3.3,,54,
108,서울,2025-07-09 23:00,31.3,,,,3.1,,58,
108,서울,2025-07-10 00:00,30.9,,,,3.1,,59,
108,서울,2025-07-10 01:00,30.1,,,,2.3,,62,
108,서울,2025-07-10 02:00,29.3,,,,2.6,,64,
108,서울,2025-07-10 03:00,28.7,,,,2,,65,
108,서울,2025-07-10 04:00,28.2,,,,2.4,,64,
108,서울,2025-07-10 05:00,27.8,,,,2.1,,63,
108,서울,2025-07-10 06:00,27.3,,,,3.7,,64,
108,서울,2025-07-10 07:00,27.6,,,,2.8,,63,
108,서울,2025-07-10 08:00,29.4,,,,3,,55,
108,서울,2025-07-10 09:00,31,,,,2.2,,49,
108,서울,2025-07-10 10:00,32.1,,,,3,,43,
108,서울,2025-07-10 11:00,33.4,,,,2.9,,42,
108,서울,2025-07-10 12:00,34.1,,,,3.2,,42,
108,서울,2025-07-10 13:00,34.5,,,,3.2,,40,
108,서울,2025-07-10 14:00,35.4,,,,3,,39,
108,서울,2025-07-10 15:00,35.7,,,,2.7,,37,
108,서울,2025-07-10 16:00,36.1,,,,3.6,,36,
108,서울,2025-07-10 17:00,36,,,,3.1,,35,
108,서울,2025-07-10 18:00,35.5,,,,2.7,,34,
108,서울,2025-07-10 19:00,33.9,,,,4.3,,34,
108,서울,2025-07-10 20:00,32.2,,,,4.3,,35,
108,서울,2025-07-10 21:00,31,,,,3.2,,39,
108,서울,2025-07-10 22:00,29.9,,,,3.3,,40,
108,서울,2025-07-10 23:00,28.9,,,,3.8,,42,
108,서울,2025-07-11 00:00,28,,,,3.5,,43,
108,서울,2025-07-11 01:00,27.1,,,,3.8,,45,
108,서울,2025-07-11 02:00,26.4,,,,4,,49,
108,서울,2025-07-11 03:00,25.8,,,,3.1,,50,
108,서울,2025-07-11 04:00,25.3,,,,3.4,,53,
108,서울,2025-07-11 05:00,24.8,,,,3.6,,56,
108,서울,2025-07-11 06:00,24.6,,,,3.1,,58,
108,서울,2025-07-11 07:00,25.3,,,,4.7,,57,
108,서울,2025-07-11 08:00,27.1,,,,4.2,,52,
108,서울,2025-07-11 09:00,28.8,,,,3.6,,49,
108,서울,2025-07-11 10:00,30.2,,,,3,,47,
108,서울,2025-07-11 11:00,31.4,,,,3.5,,45,
108,서울,2025-07-11 12:00,32.5,,,,3.9,,44,
108,서울,2025-07-11 13:00,33.5,,,,2.8,,40,
108,서울,2025-07-11 14:00,34.3,,,,3.7,,41,
108,서울,2025-07-11 15:00,35,,,,2.6,,38,
108,서울,2025-07-11 16:00,35.7,,,,2.8,,37,
108,서울,2025-07-11 17:00,36,,,,2.7,,35,
108,서울,2025-07-11 18:00,35.6,,,,2.4,,38,
108,서울,2025-07-11 19:00,34.2,,,,2.7,,39,
108,서울,2025-07-11 20:00,32.5,,,,3.7,,43,
108,서울,2025-07-11 21:00,30.9,,,,4.6,,47,
108,서울,2025-07-11 22:00,29.8,,,,3.5,,50,
108,서울,2025-07-11 23:00,28.8,,,,2.8,,51,
108,서울,2025-07-12 00:00,28,,,,2.5,,53,
108,서울,2025-07-12 01:00,27.2,,,,2.9,,53,
108,서울,2025-07-12 02:00,26.6,,,,3.5,,54,
108,서울,2025-07-12 03:00,26,,,,3.5,,55,
108,서울,2025-07-12 04:00,25.4,,,,2.8,,56,
108,서울,2025-07-12 05:00,24.8,,,,2.6,,56,
108,서울,2025-07-12 06:00,24.4,,,,1.3,,58,
108,서울,2025-07-12 07:00,25.1,,,,2.4,,56,
108,서울,2025-07-12 08:00,27.3,,,,2.3,,50,
108,서울,2025-07-12 09:00,29.1,,,,2.6,,46,
108,서울,2025-07-12 10:00,30.6,,,,3.3,,40,
108,서울,2025-07-12 11:00,32.2,,,,2.5,,37,
108,서울,2025-07-12 12:00,33.3,,,,2,,37,
108,서울,2025-07-12 13:00,34.3,,,,1.7,,32,
108,서울,2025-07-12 14:00,35.2,,,,2.1,,30,
108,서울,2025-07-12 15:00,35.9,,,,2.2,,29,
108,서울,2025-07-12 16:00,36.2,,,,2.5,,28,
108,서울,2025-07-12 17:00,36,,,,2.9,,29,
108,서울,2025-07-12 18:00,34.9,,,,2.7,,38,
108,서울,2025-07-12 19:00,32.8,,,,2.4,,48,
108,서울,2025-07-12 20:00,31.4,,,,2.1,,51,
108,서울,2025-07-12 21:00,30.6,,,,1.6,,53,
108,서울,2025-07-12 22:00,29.7,,,,2,,57,
108,서울,2025-07-12 23:00,28.8,,,,2.4,,60,
108,서울,2025-07-13 00:00,28.2,,,,1.5,,64,
108,서울,2025-07-13 01:00,27.7,,,,1.1,,66,
108,서울,2025-07-13 02:00,27.3,,,,.4,,66,
108,서울,2025-07-13 03:00,27,,,,.6,,69,
108,서울,2025-07-13 04:00,26.7,,,,.5,,67,
108,서울,2025-07-13 05:00,26,,,,1.4,,67,
108,서울,2025-07-13 06:00,25.7,,,,1.5,,69,
108,서울,2025-07-13 07:00,26.4,,,,.7,,66,
108,서울,2025-07-13 08:00,27.8,,,,1.7,,64,
108,서울,2025-07-13 09:00,29.3,,,,1.4,,60,
108,서울,2025-07-13 10:00,30.1,,,,1.6,,58,
108,서울,2025-07-13 11:00,30.8,,,,1.7,,58,
108,서울,2025-07-13 12:00,30.6,,0,,2,,58,
108,서울,2025-07-13 13:00,30.7,,,9,2.3,,58,
108,서울,2025-07-13 14:00,28.2,,0,,3.1,,69,
108,서울,2025-07-13 15:00,28.1,,0,,2.1,,71,
108,서울,2025-07-13 16:00,28.3,,0,,1.9,,67,
108,서울,2025-07-13 17:00,28.3,,,9,2,,65,
108,서울,2025-07-13 18:00,28.2,,,9,1.6,,69,
108,서울,2025-07-13 19:00,28.1,,,9,1.3,,68,
108,서울,2025-07-13 20:00,27.8,,,9,1.1,,67,
108,서울,2025-07-13 21:00,27,,,9,1.8,,70,
108,서울,2025-07-13 22:00,26.5,,,9,1,,67,
108,서울,2025-07-13 23:00,25.9,,,9,1.4,,67,
108,서울,2025-07-14 00:00,25.6,,,9,1.6,,68,
108,서울,2025-07-14 01:00,25.3,,,,1.3,,64,
108,서울,2025-07-14 02:00,25.1,,,,2.3,,66,
108,서울,2025-07-14 03:00,24.7,,,,.9,,67,
108,서울,2025-07-14 04:00,24.3,,,,1.6,,70,
108,서울,2025-07-14 05:00,23.9,,,,1.5,,73,
108,서울,2025-07-14 06:00,23.6,,,,.7,,74,
108,서울,2025-07-14 07:00,24,,,,1.4,,75,
108,서울,2025-07-14 08:00,25.1,,,,1.1,,75,
108,서울,2025-07-14 09:00,25.6,,,,2.4,,74,
108,서울,2025-07-14 10:00,26.1,,,,1.9,,70,
108,서울,2025-07-14 11:00,27.7,,,,2.1,,62,
108,서울,2025-07-14 12:00,27.9,,0,,2.7,,62,
108,서울,2025-07-14 13:00,25.8,,.3,,3.4,,73,
108,서울,2025-07-14 14:00,25.6,,0,,2.6,,71,
108,서울,2025-07-14 15:00,24.8,,.2,,3.9,,77,
108,서울,2025-07-14 16:00,23.2,,2,,2.7,,88,
108,서울,2025-07-14 17:00,23.2,,1.1,,2.2,,85,
108,서울,2025-07-14 18:00,23.1,,.8,,.5,,87,
108,서울,2025-07-14 19:00,23,,.8,,.9,,89,
108,서울,2025-07-14 20:00,22.7,,1.6,,2.6,,92,
108,서울,2025-07-14 21:00,22.5,,.5,,3.4,,93,
108,서울,2025-07-14 22:00,22.1,,3.9,,1.9,,93,
108,서울,2025-07-14 23:00,21.9,,2.3,,3.4,,95,
108,서울,2025-07-15 00:00,21.7,,.1,,2.4,,92,
108,서울,2025-07-15 01:00,21.6,,1.2,,1.8,,94,
108,서울,2025-07-15 02:00,21.5,,.7,,3.2,,95,
108,서울,2025-07-15 03:00,21.6,,.5,,3.2,,93,
108,서울,2025-07-15 04:00,21.6,,0,,3,,93,
108,서울,2025-07-15 05:00,21.6,,0,,3.3,,94,
108,서울,2025-07-15 06:00,21.5,,,9,5,,93,
108,서울,2025-07-15 07:00,21.6,,.3,,3.2,,93,
108,서울,2025-07-15 08:00,22,,.3,,1.7,,92,
108,서울,2025-07-15 09:00,22.5,,0,,2.5,,89,
108,서울,2025-07-15 10:00,22.8,,,9,1.7,,89,
108,서울,2025-07-15 11:00,23,,0,,1.7,,85,
108,서울,2025-07-15 12:00,23.8,,0,,2.1,,83,
108,서울,2025-07-15 13:00,24.2,,.4,,2,,85,
108,서울,2025-07-15 14:00,24.4,,.4,,2,,81,
108,서울,2025-07-15 15:00,25.7,,0,,2.1,,77,
108,서울,2025-07-15 16:00,25.5,,,9,2.1,,75,
108,서울,2025-07-15 17:00,25.4,,0,,2,,78,
108,서울,2025-07-15 18:00,25,,.2,,1.6,,82,
108,서울,2025-07-15 19:00,25,,,9,2.5,,75,
108,서울,2025-07-15 20:00,24.4,,,9,1.7,,73,
108,서울,2025-07-15 21:00,24.2,,,9,1.8,,75,
108,서울,2025-07-15 22:00,24.2,,,9,1.7,,75,
108,서울,2025-07-15 23:00,24.1,,0,,2.6,,79,
108,서울,2025-07-16 00:00,24.1,,,9,1.9,,81,
108,서울,2025-07-16 01:00,24.1,,,,2.3,,82,
108,서울,2025-07-16 02:00,24.1,,,,2.4,,84,
108,서울,2025-07-16 03:00,24.2,,,,2.6,,85,
108,서울,2025-07-16 04:00,24.3,,,,2.9,,87,
108,서울,2025-07-16 05:00,24.2,,0,,.9,,87,
108,서울,2025-07-16 06:00,24.1,,0,,1.6,,86,
108,서울,2025-07-16 07:00,24.3,,,9,1,,88,
108,서울,2025-07-16 08:00,24.4,,1,,1,,90,
108,서울,2025-07-16 09:00,24.6,,0,,2.9,,85,
108,서울,2025-07-16 10:00,24.6,,0,,1.5,,84,
108,서울,2025-07-16 11:00,23.2,,.2,,3.2,,81,
108,서울,2025-07-16 12:00,23.3,,.6,,1.3,,85,
108,서울,2025-07-16 13:00,23.5,,0,,2.6,,78,
108,서울,2025-07-16 14:00,23.6,,0,,2.6,,80,
108,서울,2025-07-16 15:00,23,,1,,3,,89,
108,서울,2025-07-16 16:00,22.7,,3.2,,2.9,,93,
108,서울,2025-07-16 17:00,22.7,,4.2,,1.6,,94,
108,서울,2025-07-16 18:00,22.6,,2.5,,3.6,,95,
108,서울,2025-07-16 19:00,22.5,,5.9,,2.1,,96,
108,서울,2025-07-16 20:00,22.4,,22.2,,1.5,,98,
108,서울,2025-07-16 21:00,22.3,,22.5,,2.5,,98,
108,서울,2025-07-16 22:00,22.3,,8.7,,1.8,,96,
108,서울,2025-07-16 23:00,22.4,,.2,,2.2,,95,
108,서울,2025-07-17 00:00,22.5,,.9,,1.6,,98,
108,서울,2025-07-17 01:00,22.6,,1.7,,1.7,,97,
108,서울,2025-07-17 02:00,22.8,,.2,,1.6,,96,
108,서울,2025-07-17 03:00,22.9,,.3,,2.2,,97,
108,서울,2025-07-17 04:00,22.8,,.2,,1.5,,94,
108,서울,2025-07-17 05:00,22.6,,7.1,,2.3,,96,
108,서울,2025-07-17 06:00,22.7,,3.4,,2.4,,98,
108,서울,2025-07-17 07:00,22.6,,31.4,,3.2,,99,
108,서울,2025-07-17 08:00,22.6,,5.9,,2.2,,98,
108,서울,2025-07-17 09:00,22.3,,2.5,,2.7,,98,
108,서울,2025-07-17 10:00,22,,13.4,,2.7,,97,
108,서울,2025-07-17 11:00,22.7,,.5,,2.3,,96,
108,서울,2025-07-17 12:00,23.9,,,9,3.2,,91,
108,서울,2025-07-17 13:00,24.3,,0,,3.1,,87,
108,서울,2025-07-17 14:00,23.8,,0,,1.9,,90,
108,서울,2025-07-17 15:00,24,,.1,,2.4,,89,
108,서울,2025-07-17 16:00,24.2,,,9,2,,87,
108,서울,2025-07-17 17:00,24.1,,.9,,1.3,,91,
108,서울,2025-07-17 18:00,23.8,,2.5,,2.4,,94,
108,서울,2025-07-17 19:00,23.7,,.4,,1.2,,92,
108,서울,2025-07-17 20:00,23.5,,.7,,1.4,,94,
108,서울,2025-07-17 21:00,23.3,,1.2,,1.4,,94,
108,서울,2025-07-17 22:00,23.2,,.7,,1.7,,96,
108,서울,2025-07-17 23:00,23.3,,2.4,,.8,,96,
108,서울,2025-07-18 00:00,23.4,,0,,1.9,,93,
108,서울,2025-07-18 01:00,23.5,,0,,1.6,,92,
108,서울,2025-07-18 02:00,23.5,,,9,1.4,,91,
108,서울,2025-07-18 03:00,23.4,,0,,1.1,,91,
108,서울,2025-07-18 04:00,23.4,,0,,.9,,92,
108,서울,2025-07-18 05:00,23.2,,2.1,,1,,95,
108,서울,2025-07-18 06:00,23.1,,.7,,.9,,94,
108,서울,2025-07-18 07:00,23.1,,0,,1.9,,94,
108,서울,2025-07-18 08:00,23.4,,,9,.8,,93,
108,서울,2025-07-18 09:00,23,,8.7,,1.7,,96,
108,서울,2025-07-18 10:00,23.2,,3.3,,1.3,,97,
108,서울,2025-07-18 11:00,23.9,,.9,,1.1,,96,
108,서울,2025-07-18 12:00,24.2,,.1,,2.2,,93,
108,서울,2025-07-18 13:00,24.7,,.2,,2.2,,94,
108,서울,2025-07-18 14:00,25.4,,.1,,2.7,,90,
108,서울,2025-07-18 15:00,25.9,,0,,2.5,,87,
108,서울,2025-07-18 16:00,26.9,,,9,1.7,,82,
108,서울,2025-07-18 17:00,27,,0,,2.3,,83,
108,서울,2025-07-18 18:00,27,,,9,1.5,,81,
108,서울,2025-07-18 19:00,26.9,,0,,1.6,,81,
108,서울,2025-07-18 20:00,26.3,,0,,2,,85,
108,서울,2025-07-18 21:00,25.8,,,9,2.4,,86,
108,서울,2025-07-18 22:00,25.5,,0,,2.2,,86,
108,서울,2025-07-18 23:00,25.4,,,9,2.3,,88,
108,서울,2025-07-19 00:00,25.3,,,9,2,,88,
108,서울,2025-07-19 01:00,25.1,,.8,,1.2,,92,
108,서울,2025-07-19 02:00,24.8,,10.7,,2,,96,
108,서울,2025-07-19 03:00,22.6,,16.7,,1.1,,92,
108,서울,2025-07-19 04:00,22,,29.2,,1.6,,96,
108,서울,2025-07-19 05:00,21.9,,1.9,,1.9,,96,
108,서울,2025-07-19 06:00,22,,6.4,,1.9,,97,
108,서울,2025-07-19 07:00,22.1,,0,,3.2,,97,
108,서울,2025-07-19 08:00,22,,.4,,2.8,,98,
108,서울,2025-07-19 09:00,22.2,,.6,,2.8,,96,
108,서울,2025-07-19 10:00,22.5,,.1,,2.7,,98,
108,서울,2025-07-19 11:00,22.9,,.2,,2.4,,99,
108,서울,2025-07-19 12:00,23.2,,1.2,,1.9,,98,
108,서울,2025-07-19 13:00,23.7,,0,,1.7,,98,
108,서울,2025-07-19 14:00,24.1,,0,,2.1,,96,
108,서울,2025-07-19 15:00,24.8,,0,,1.5,,96,
108,서울,2025-07-19 16:00,25.4,,0,,1.8,,95,
108,서울,2025-07-19 17:00,25.6,,.3,,1.4,,94,
108,서울,2025-07-19 18:00,25.6,,.7,,1.4,,92,
108,서울,2025-07-19 19:00,25.5,,0,,2,,92,
108,서울,2025-07-19 20:00,25.4,,0,,1.6,,93,
108,서울,2025-07-19 21:00,25.2,,.4,,1.4,,94,
108,서울,2025-07-19 22:00,25.1,,.2,,.9,,94,
108,서울,2025-07-19 23:00,25.2,,2,,1.5,,98,
108,서울,2025-07-20 00:00,25.3,,12.2,,1.9,,98,
108,서울,2025-07-20 01:00,25.5,,6.4,,3.6,,99,
108,서울,2025-07-20 02:00,25.6,,2,,4.4,,95,
108,서울,2025-07-20 03:00,25.5,,1.3,,4.5,,98,
108,서울,2025-07-20 04:00,25.4,,.8,,3.3,,95,
108,서울,2025-07-20 05:00,25.2,,2.2,,2.9,,96,
108,서울,2025-07-20 06:00,25,,2.1,,2.7,,98,
108,서울,2025-07-20 07:00,25,,0,,3.1,,95,
108,서울,2025-07-20 08:00,25.3,,,9,1.4,,95,
108,서울,2025-07-20 09:00,26.1,,,9,2.4,,92,
108,서울,2025-07-20 10:00,26.2,,,9,2.8,,89,
108,서울,2025-07-20 11:00,28,,,9,2.7,,83,
108,서울,2025-07-20 12:00,28.6,,,9,3,,79,
108,서울,2025-07-20 13:00,28.7,,,9,3.4,,76,
108,서울,2025-07-20 14:00,29.3,,,9,3,,76,
108,서울,2025-07-20 15:00,30,,,9,2.6,,73,
108,서울,2025-07-20 16:00,30.6,,,9,3,,67,
108,서울,2025-07-20 17:00,31.3,,,9,3.3,,65,
108,서울,2025-07-20 18:00,31.1,,,9,2.4,,64,
108,서울,2025-07-20 19:00,30.4,,,9,1.8,,66,
108,서울,2025-07-20 20:00,29.1,,,9,3,,72,
108,서울,2025-07-20 21:00,28.2,,,9,2.4,,77,
108,서울,2025-07-20 22:00,27.6,,,9,1.9,,79,
108,서울,2025-07-20 23:00,27.5,,,9,1.3,,79,
108,서울,2025-07-21 00:00,27.3,,,9,.8,,81,
108,서울,2025-07-21 01:00,26.9,,,,.4,,83,
108,서울,2025-07-21 02:00,26.5,,,,.6,,85,
108,서울,2025-07-21 03:00,26.1,,,,.8,,86,
108,서울,2025-07-21 04:00,25.8,,,,.7,,88,
108,서울,2025-07-21 05:00,25.7,,,,.6,,88,
108,서울,2025-07-21 06:00,25.9,,,,.9,,90,
108,서울,2025-07-21 07:00,26.1,,0,,.8,,88,
108,서울,2025-07-21 08:00,26.6,,0,,1.4,,85,
108,서울,2025-07-21 09:00,27.1,,,9,1.6,,83,
108,서울,2025-07-21 10:00,28,,,9,2.6,,81,
108,서울,2025-07-21 11:00,29.2,,0,,3.4,,77,
108,서울,2025-07-21 12:00,30.5,,,9,3.1,,68,
108,서울,2025-07-21 13:00,30.8,,,9,2.2,,70,
108,서울,2025-07-21 14:00,30.8,,,9,3.6,,68,
108,서울,2025-07-21 15:00,31.6,,,9,3.8,,64,
108,서울,2025-07-21 16:00,31.3,,,9,3.4,,65,
108,서울,2025-07-21 17:00,31.1,,,9,3,,66,
108,서울,2025-07-21 18:00,31,,,9,3.6,,65,
108,서울,2025-07-21 19:00,29.8,,,9,3.2,,70,
108,서울,2025-07-21 20:00,28.8,,,9,3.1,,76,
108,서울,2025-07-21 21:00,28.2,,,9,2.4,,79,
108,서울,2025-07-21 22:00,27.9,,,9,2.6,,81,
108,서울,2025-07-21 23:00,27.7,,,9,3.1,,81,
108,서울,2025-07-22 00:00,27.4,,,9,2.5,,84,
108,서울,2025-07-22 01:00,27.2,,,,2.5,,85,
108,서울,2025-07-22 02:00,27,,,,2.3,,87,
108,서울,2025-07-22 03:00,26.9,,,,1.7,,86,
108,서울,2025-07-22 04:00,26.8,,,,3.1,,86,
108,서울,2025-07-22 05:00,26.7,,,,2.8,,87,
108,서울,2025-07-22 06:00,26.7,,,,2.2,,88,
108,서울,2025-07-22 07:00,26.8,,,,3,,86,
108,서울,2025-07-22 08:00,27.4,,,,2.3,,83,
108,서울,2025-07-22 09:00,28.3,,,,3.4,,78,
108,서울,2025-07-22 10:00,29.2,,,,2.4,,76,
108,서울,2025-07-22 11:00,29.6,,,,3,,72,
108,서울,2025-07-22 12:00,30.4,,,,3.3,,68,
108,서울,2025-07-22 13:00,31.3,,,,3.4,,68,
108,서울,2025-07-22 14:00,31.9,,,,3.8,,59,
108,서울,2025-07-22 15:00,32,,,,4.2,,59,
108,서울,2025-07-22 16:00,31.7,,,,3.2,,66,
108,서울,2025-07-22 17:00,30.2,,0,,3.3,,69,
108,서울,2025-07-22 18:00,30.6,,.1,,3.7,,66,
108,서울,2025-07-22 19:00,30,,,9,2.8,,68,
108,서울,2025-07-22 20:00,28.9,,,9,2.6,,74,
108,서울,2025-07-22 21:00,28.2,,,9,1.3,,80,
108,서울,2025-07-22 22:00,27.6,,,9,1.7,,82,
108,서울,2025-07-22 23:00,27.3,,,9,2.3,,82,
108,서울,2025-07-23 00:00,27.3,,,9,1.6,,80,
108,서울,2025-07-23 01:00,27.1,,,,1.9,,82,
108,서울,2025-07-23 02:00,26.5,,,,1.9,,84,
108,서울,2025-07-23 03:00,26.3,,,,1.7,,85,
108,서울,2025-07-23 04:00,26,,,,.8,,86,
108,서울,2025-07-23 05:00,25.7,,,,.4,,87,
108,서울,2025-07-23 06:00,25.5,,,,.7,,87,
108,서울,2025-07-23 07:00,25.9,,,,1,,86,
108,서울,2025-07-23 08:00,26.8,,,,2.1,,86,
108,서울,2025-07-23 09:00,28.2,,,,1.8,,77,
108,서울,2025-07-23 10:00,29.5,,,,1,,73,
108,서울,2025-07-23 11:00,30.7,,,,2,,68,
108,서울,2025-07-23 12:00,31.6,,,,2.1,,60,
108,서울,2025-07-23 13:00,32.1,,,,2.4,,57,
108,서울,2025-07-23 14:00,33.1,,,,2,,56,
108,서울,2025-07-23 15:00,32.5,,,,3.8,,55,
108,서울,2025-07-23 16:00,32,,,,2.4,,61,
108,서울,2025-07-23 17:00,31.7,,,,2.9,,63,
108,서울,2025-07-23 18:00,31.3,,,,2.8,,64,
108,서울,2025-07-23 19:00,30.9,,,,2.4,,64,
108,서울,2025-07-23 20:00,29.8,,,,2.4,,68,
108,서울,2025-07-23 21:00,29,,,,3,,65,
108,서울,2025-07-23 22:00,28.2,,,,1.7,,70,
108,서울,2025-07-23 23:00,27.6,,,,.9,,67,
108,서울,2025-07-24 00:00,27.1,,,,1.1,,70,
108,서울,2025-07-24 01:00,26.8,,,,1.2,,74,
108,서울,2025-07-24 02:00,26.3,,,,1.5,,75,
108,서울,2025-07-24 03:00,26.3,,,,1.2,,79,
108,서울,2025-07-24 04:00,26.1,,,,1,,80,
108,서울,2025-07-24 05:00,26,,,,.7,,81,
108,서울,2025-07-24 06:00,25.8,,,,.8,,81,
108,서울,2025-07-24 07:00,26,,,,1.1,,81,
108,서울,2025-07-24 08:00,27.3,,,,2.3,,81,
108,서울,2025-07-24 09:00,29.6,,,,2.2,,69,
108,서울,2025-07-24 10:00,30.2,,,,2.1,,62,
108,서울,2025-07-24 11:00,31.5,,,,1.9,,64,
108,서울,2025-07-24 12:00,32.4,,,,2.5,,59,
108,서울,2025-07-24 13:00,33.4,,,,2.9,,54,
108,서울,2025-07-24 14:00,33.9,,,,2,,49,
108,서울,2025-07-24 15:00,32.8,,,,2.9,,56,
108,서울,2025-07-24 16:00,33.7,,,,2.9,,55,
108,서울,2025-07-24 17:00,33.9,,,,3,,56,
108,서울,2025-07-24 18:00,33.2,,,,2.5,,59,
108,서울,2025-07-24 19:00,32,,,,3,,62,
108,서울,2025-07-24 20:00,30.7,,,,3.4,,66,
108,서울,2025-07-24 21:00,30,,,,2.7,,67,
108,서울,2025-07-24 22:00,29.5,,,,1.9,,68,
108,서울,2025-07-24 23:00,28.9,,,,1.5,,72,
108,서울,2025-07-25 00:00,28.4,,,,.8,,74,
108,서울,2025-07-25 01:00,27.8,,,,.9,,77,
108,서울,2025-07-25 02:00,27.3,,,,.8,,76,
108,서울,2025-07-25 03:00,26.9,,,,1.2,,78,
108,서울,2025-07-25 04:00,26.4,,,,1.2,,80,
108,서울,2025-07-25 05:00,25.9,,,,2,,81,
108,서울,2025-07-25 06:00,25.7,,,,2.1,,84,
108,서울,2025-07-25 07:00,26.2,,,,1.1,,84,
108,서울,2025-07-25 08:00,28.4,,,,1.7,,77,
108,서울,2025-07-25 09:00,30.2,,,,2,,69,
108,서울,2025-07-25 10:00,31.9,,,,1.7,,66,
108,서울,2025-07-25 11:00,32.7,,,,1.1,,59,
108,서울,2025-07-25 12:00,33.9,,,,2.6,,55,
108,서울,2025-07-25 13:00,35,,,,2.1,,52,
108,서울,2025-07-25 14:00,35.2,,,,1.9,,54,
108,서울,2025-07-25 15:00,36,,,,2.6,,52,
108,서울,2025-07-25 16:00,35.7,,,,3.2,,52,
108,서울,2025-07-25 17:00,35.6,,,,2.9,,52,
108,서울,2025-07-25 18:00,34.8,,,,2.7,,51,
108,서울,2025-07-25 19:00,33.6,,,,3.1,,52,
108,서울,2025-07-25 20:00,32.4,,,,2.5,,58,
108,서울,2025-07-25 21:00,31.7,,,,1,,61,
108,서울,2025-07-25 22:00,30.8,,,,2.2,,66,
108,서울,2025-07-25 23:00,30.2,,,,1.5,,68,
108,서울,2025-07-26 00:00,29.8,,,,1.4,,67,
108,서울,2025-07-26 01:00,29.1,,,,1.8,,69,
108,서울,2025-07-26 02:00,28.7,,,,1.5,,72,
108,서울,2025-07-26 03:00,28.3,,,,2.2,,73,
108,서울,2025-07-26 04:00,28.1,,,,1.5,,74,
108,서울,2025-07-26 05:00,27.9,,,,2.4,,75,
108,서울,2025-07-26 06:00,27.6,,,,2.2,,76,
108,서울,2025-07-26 07:00,28.2,,,,1.4,,76,
108,서울,2025-07-26 08:00,29.5,,,,1.6,,71,
108,서울,2025-07-26 09:00,31.3,,,,2.8,,64,
108,서울,2025-07-26 10:00,32.7,,,,2.5,,61,
108,서울,2025-07-26 11:00,33.8,,,,1.3,,56,
108,서울,2025-07-26 12:00,34.9,,,,2.2,,55,
108,서울,2025-07-26 13:00,35,,,,2.3,,53,
108,서울,2025-07-26 14:00,35.5,,,,2.2,,47,
108,서울,2025-07-26 15:00,35.8,,,,2.3,,49,
108,서울,2025-07-26 16:00,36.2,,,,1,,48,
108,서울,2025-07-26 17:00,37,,,,1.2,,46,
108,서울,2025-07-26 18:00,36.7,,,,1.6,,51,
108,서울,2025-07-26 19:00,35.1,,,,3.2,,48,
108,서울,2025-07-26 20:00,34,,,,1.5,,55,
108,서울,2025-07-26 21:00,32.9,,,,1.4,,61,
108,서울,2025-07-26 22:00,32.2,,,,.5,,63,
108,서울,2025-07-26 23:00,31.5,,,,.7,,65,
108,서울,2025-07-27 00:00,31.1,,,,1,,66,
108,서울,2025-07-27 01:00,30.5,,,,1.2,,67,
108,서울,2025-07-27 02:00,29.7,,,,1.4,,71,
108,서울,2025-07-27 03:00,29.3,,,,1.5,,72,
108,서울,2025-07-27 04:00,28.9,,,,1.5,,73,
108,서울,2025-07-27 05:00,28.6,,,,1.6,,75,
108,서울,2025-07-27 06:00,28.3,,,,1.2,,76,
108,서울,2025-07-27 07:00,28.6,,,,2.1,,76,
108,서울,2025-07-27 08:00,30.3,,,,1.9,,67,
108,서울,2025-07-27 09:00,31.8,,,,2.6,,61,
108,서울,2025-07-27 10:00,32.8,,,,2.1,,56,
108,서울,2025-07-27 11:00,34,,,,2.2,,53,
108,서울,2025-07-27 12:00,35,,,,2,,51,
108,서울,2025-07-27 13:00,35.9,,,,1.6,,46,
108,서울,2025-07-27 14:00,36.7,,,,2.6,,44,
108,서울,2025-07-27 15:00,37.3,,,,2.3,,43,
108,서울,2025-07-27 16:00,37.6,,,,2.2,,41,
108,서울,2025-07-27 17:00,36.8,,,,2,,46,
108,서울,2025-07-27 18:00,36.5,,,,2.9,,52,
108,서울,2025-07-27 19:00,35.3,,,,2.5,,56,
108,서울,2025-07-27 20:00,33.8,,,,2,,61,
108,서울,2025-07-27 21:00,32.7,,,,1.4,,69,
108,서울,2025-07-27 22:00,32.2,,,,1.1,,71,
108,서울,2025-07-27 23:00,31.7,,,,2.3,,74,
108,서울,2025-07-28 00:00,31.2,,,,2.9,,75,
108,서울,2025-07-28 01:00,30.7,,,,1.7,,76,
108,서울,2025-07-28 02:00,30.2,,,,1.6,,78,
108,서울,2025-07-28 03:00,29.8,,,,1.1,,79,
108,서울,2025-07-28 04:00,29.4,,,,1.3,,79,
108,서울,2025-07-28 05:00,29.1,,,,.7,,81,
108,서울,2025-07-28 06:00,28.9,,,,.7,,82,
108,서울,2025-07-28 07:00,29.2,,,,1,,81,
108,서울,2025-07-28 08:00,30.5,,,,1.3,,79,
108,서울,2025-07-28 09:00,31.7,,,,1.7,,68,
108,서울,2025-07-28 10:00,33.1,,,,2.3,,62,
108,서울,2025-07-28 11:00,34,,,,1.7,,58,
108,서울,2025-07-28 12:00,34.7,,,,2.5,,58,
108,서울,2025-07-28 13:00,35.2,,,,2.8,,53,
108,서울,2025-07-28 14:00,35.9,,,,3.1,,52,
108,서울,2025-07-28 15:00,36,,,,3,,53,
108,서울,2025-07-28 16:00,36.3,,,,2.5,,49,
108,서울,2025-07-28 17:00,36.3,,,,2.6,,51,
108,서울,2025-07-28 18:00,35.2,,,,3.1,,56,
108,서울,2025-07-28 19:00,34,,,,2.8,,61,
108,서울,2025-07-28 20:00,32.3,,,,2.8,,66,
108,서울,2025-07-28 21:00,31.3,,,,2.1,,69,
108,서울,2025-07-28 22:00,30.8,,,,2.2,,69,
108,서울,2025-07-28 23:00,30.3,,,,2,,72,
108,서울,2025-07-29 00:00,30,,,,1.4,,73,
108,서울,2025-07-29 01:00,29.5,,,,2.1,,76,
108,서울,2025-07-29 02:00,29,,,,.8,,76,
108,서울,2025-07-29 03:00,28.7,,,,.8,,76,
108,서울,2025-07-29 04:00,28.2,,,,1.6,,75,
108,서울,2025-07-29 05:00,27.9,,,,1.7,,78,
108,서울,2025-07-29 06:00,27.6,,,,2.2,,78,
108,서울,2025-07-29 07:00,27.9,,,,2.6,,77,
108,서울,2025-07-29 08:00,29.7,,,,2.6,,68,
108,서울,2025-07-29 09:00,31.5,,,,2.3,,65,
108,서울,2025-07-29 10:00,32.9,,,,2.1,,60,
108,서울,2025-07-29 11:00,33,,,,1.7,,59,
108,서울,2025-07-29 12:00,34.2,,,,2,,56,
108,서울,2025-07-29 13:00,35.6,,,,2.6,,53,
108,서울,2025-07-29 14:00,36.3,,,,2.1,,50,
108,서울,2025-07-29 15:00,36.1,,,,2.5,,50,
108,서울,2025-07-29 16:00,35.5,,,,2,,52,
108,서울,2025-07-29 17:00,35.9,,,,2.6,,53,
108,서울,2025-07-29 18:00,34.9,,,,3,,56,
108,서울,2025-07-29 19:00,34,,,,2.3,,61,
108,서울,2025-07-29 20:00,32.9,,,,2.1,,63,
108,서울,2025-07-29 21:00,32.3,,,,2,,64,
108,서울,2025-07-29 22:00,31.7,,,,3,,59,
108,서울,2025-07-29 23:00,31,,,,2,,63,
108,서울,2025-07-30 00:00,30.4,,,,1.8,,67,
108,서울,2025-07-30 01:00,30,,,,.9,,68,
108,서울,2025-07-30 02:00,29.7,,,,1,,69,
108,서울,2025-07-30 03:00,29.3,,,,1,,72,
108,서울,2025-07-30 04:00,29,,,,1.3,,74,
108,서울,2025-07-30 05:00,28.4,,,,2.1,,77,
108,서울,2025-07-30 06:00,28.3,,,,2.1,,79,
108,서울,2025-07-30 07:00,28.9,,,,1,,74,
108,서울,2025-07-30 08:00,30.3,,,,1.5,,73,
108,서울,2025-07-30 09:00,31.8,,,,1.6,,65,
108,서울,2025-07-30 10:00,32.9,,,,2,,62,
108,서울,2025-07-30 11:00,33.4,,,,2.9,,59,
108,서울,2025-07-30 12:00,34.3,,,,1.8,,54,
108,서울,2025-07-30 13:00,34.8,,,,2.6,,54,
108,서울,2025-07-30 14:00,35.5,,,,2,,51,
108,서울,2025-07-30 15:00,35.8,,,,2.4,,49,
108,서울,2025-07-30 16:00,35.3,,,,2.2,,46,
108,서울,2025-07-30 17:00,35.3,,,,2.1,,41,
108,서울,2025-07-30 18:00,34.1,,,,2.2,,59,
108,서울,2025-07-30 19:00,33.5,,,,.9,,59,
108,서울,2025-07-30 20:00,32.7,,,,1.9,,65,
108,서울,2025-07-30 21:00,32.2,,,,.9,,65,
108,서울,2025-07-30 22:00,31.7,,,,1.2,,68,
108,서울,2025-07-30 23:00,31.1,,,,1.6,,59,
108,서울,2025-07-31 00:00,30.7,,,,2.3,,60,
108,서울,2025-07-31 01:00,30.5,,,,2,,60,
108,서울,2025-07-31 02:00,30.1,,,,1.9,,62,
108,서울,2025-07-31 03:00,29.9,,,,1.8,,63,
108,서울,2025-07-31 04:00,29.9,,,,1.6,,64,
108,서울,2025-07-31 05:00,29.6,,,,2.4,,66,
108,서울,2025-07-31 06:00,29.4,,,,2.4,,67,
108,서울,2025-07-31 07:00,29.4,,,,1.7,,68,
108,서울,2025-07-31 08:00,29.6,,,,1.9,,67,
108,서울,2025-07-31 09:00,30,,,,.9,,67,
108,서울,2025-07-31 10:00,31.3,,,,2.3,,64,
108,서울,2025-07-31 11:00,32.3,,,,1.4,,59,
108,서울,2025-07-31 12:00,32.6,,,,1.5,,57,
108,서울,2025-07-31 13:00,33.4,,,,1.6,,54,
108,서울,2025-07-31 14:00,34,,,,1.6,,53,
108,서울,2025-07-31 15:00,33.8,,,,2.3,,50,
108,서울,2025-07-31 16:00,32.5,,,,3.4,,61,
108,서울,2025-07-31 17:00,32.7,,,,1.8,,51,
108,서울,2025-07-31 18:00,32.1,,,,2.7,,63,
108,서울,2025-07-31 19:00,31.1,,,,2.2,,65,
108,서울,2025-07-31 20:00,30.6,,,,1.9,,65,
108,서울,2025-07-31 21:00,30.2,,,,2,,66,
108,서울,2025-07-31 22:00,29.9,,,,1.5,,68,
108,서울,2025-07-31 23:00,29.8,,,,1.2,,66,
108,서울,2025-08-01 00:00,29.3,,,,1.6,,65,
108,서울,2025-08-01 01:00,29,,,,1.8,,70,
108,서울,2025-08-01 02:00,28.8,,,,1.4,,71,
108,서울,2025-08-01 03:00,28.6,,,,1.3,,71,
108,서울,2025-08-01 04:00,28.2,,,,1.9,,72,
108,서울,2025-08-01 05:00,28,,,,1.7,,74,
108,서울,2025-08-01 06:00,27.8,,,,1.6,,77,
108,서울,2025-08-01 07:00,28,,,,1.8,,77,
108,서울,2025-08-01 08:00,29.4,,,,2,,68,
108,서울,2025-08-01 09:00,30.9,,,,1.8,,66,
108,서울,2025-08-01 10:00,32.7,,,,1.7,,60,
108,서울,2025-08-01 11:00,34.2,,,,1.9,,56,
108,서울,2025-08-01 12:00,34.6,,,,1.4,,52,
108,서울,2025-08-01 13:00,34.5,,,,1.7,,54,
108,서울,2025-08-01 14:00,34.6,,,,2.1,,51,
108,서울,2025-08-01 15:00,33.9,,,,2.6,,55,
108,서울,2025-08-01 16:00,33.7,,0,,2.4,,59,
108,서울,2025-08-01 17:00,33,,,9,3.1,,63,
108,서울,2025-08-01 18:00,32.1,,,9,3.2,,66,
108,서울,2025-08-01 19:00,31.4,,,9,2.5,,68,
108,서울,2025-08-01 20:00,30.8,,,9,.7,,72,
108,서울,2025-08-01 21:00,30.4,,,9,.9,,74,
108,서울,2025-08-01 22:00,30,,,9,.8,,75,
108,서울,2025-08-01 23:00,29.7,,,9,1,,75,
108,서울,2025-08-02 00:00,29.5,,,9,1,,74,
108,서울,2025-08-02 01:00,29.2,,,,1.7,,75,
108,서울,2025-08-02 02:00,28.7,,,,1.4,,73,
108,서울,2025-08-02 03:00,28.4,,,,1.1,,76,
108,서울,2025-08-02 04:00,28,,,,1.8,,74,
108,서울,2025-08-02 05:00,27.6,,,,1.4,,76,
108,서울,2025-08-02 06:00,27.4,,,,.6,,77,
108,서울,2025-08-02 07:00,27.5,,,,1.2,,76,
108,서울,2025-08-02 08:00,28.5,,,,2.6,,76,
108,서울,2025-08-02 09:00,30.1,,,,.9,,71,
108,서울,2025-08-02 10:00,31.2,,,,1.3,,67,
108,서울,2025-08-02 11:00,32.5,,,,1.7,,62,
108,서울,2025-08-02 12:00,33.9,,,,1.9,,57,
108,서울,2025-08-02 13:00,33.5,,,,2.9,,60,
108,서울,2025-08-02 14:00,34.5,,,,2.6,,54,
108,서울,2025-08-02 15:00,35,,,,1.6,,49,
108,서울,2025-08-02 16:00,36.2,,,,2.3,,47,
108,서울,2025-08-02 17:00,35.2,,,,2.6,,48,
108,서울,2025-08-02 18:00,34.8,,,,2.3,,47,
108,서울,2025-08-02 19:00,33.3,,,,2.7,,53,
108,서울,2025-08-02 20:00,31.6,,,,2,,56,
108,서울,2025-08-02 21:00,30.6,,,,2.2,,58,
108,서울,2025-08-02 22:00,30,,,,1.8,,61,
108,서울,2025-08-02 23:00,29.7,,,,1.3,,62,
108,서울,2025-08-03 00:00,29.2,,,,.2,,62,
108,서울,2025-08-03 01:00,28.9,,,,.6,,63,
108,서울,2025-08-03 02:00,28.5,,,,.8,,67,
108,서울,2025-08-03 03:00,28.2,,,,.9,,67,
108,서울,2025-08-03 04:00,27.9,,,,.7,,68,
108,서울,2025-08-03 05:00,27.7,,,,1.1,,71,
108,서울,2025-08-03 06:00,27.5,,,,.8,,75,
108,서울,2025-08-03 07:00,27.8,,,,1.7,,76,
108,서울,2025-08-03 08:00,28.3,,,,2,,76,
108,서울,2025-08-03 09:00,29,,,,1.5,,74,
108,서울,2025-08-03 10:00,29.8,,,,2.2,,70,
108,서울,2025-08-03 11:00,31.1,,,,2.5,,61,
108,서울,2025-08-03 12:00,31.3,,,,2,,64,
108,서울,2025-08-03 13:00,32,,,,2.4,,58,
108,서울,2025-08-03 14:00,32.4,,,,1.7,,58,
108,서울,2025-08-03 15:00,32.1,,,,3.1,,59,
108,서울,2025-08-03 16:00,31.5,,,,1.3,,62,
108,서울,2025-08-03 17:00,30.9,,0,,2.9,,59,
108,서울,2025-08-03 18:00,30.1,,0,,3,,52,
108,서울,2025-08-03 19:00,28.7,,0,,1.9,,63,
108,서울,2025-08-03 20:00,28.2,,0,,1.4,,69,
108,서울,2025-08-03 21:00,28,,0,,2.7,,72,
108,서울,2025-08-03 22:00,27,,0,,3.7,,68,
108,서울,2025-08-03 23:00,25.4,,.1,,3.4,,80,
108,서울,2025-08-04 00:00,24,,1.2,,3.5,,89,
108,서울,2025-08-04 01:00,23.8,,.8,,2.9,,92,
108,서울,2025-08-04 02:00,23.9,,.2,,4.1,,92,
108,서울,2025-08-04 03:00,24,,0,,2.8,,90,
108,서울,2025-08-04 04:00,24,,0,,3.1,,90,
108,서울,2025-08-04 05:00,23.8,,.3,,1.8,,94,
108,서울,2025-08-04 06:00,23.8,,.6,,2.3,,93,
108,서울,2025-08-04 07:00,24,,,9,2,,92,
108,서울,2025-08-04 08:00,24.5,,,9,2.4,,91,
108,서울,2025-08-04 09:00,26,,,9,1.6,,86,
108,서울,2025-08-04 10:00,27.6,,,9,1.4,,81,
108,서울,2025-08-04 11:00,28.8,,,9,1.1,,74,
108,서울,2025-08-04 12:00,29.7,,,9,1.3,,72,
108,서울,2025-08-04 13:00,30.8,,,9,1.9,,67,
108,서울,2025-08-04 14:00,31.5,,,9,1.1,,67,
108,서울,2025-08-04 15:00,32.5,,,9,2.4,,61,
108,서울,2025-08-04 16:00,33.2,,,9,2.4,,55,
108,서울,2025-08-04 17:00,33.6,,,9,2.1,,55,
108,서울,2025-08-04 18:00,32.3,,,9,3.4,,62,
108,서울,2025-08-04 19:00,30.4,,,9,3.2,,65,
108,서울,2025-08-04 20:00,29.6,,,9,1.8,,66,
108,서울,2025-08-04 21:00,28.9,,,9,1.8,,67,
108,서울,2025-08-04 22:00,28.5,,,9,1.4,,70,
108,서울,2025-08-04 23:00,28.2,,,9,1.7,,71,
108,서울,2025-08-05 00:00,27.8,,,9,2.4,,73,
108,서울,2025-08-05 01:00,27.4,,,,.7,,74,
108,서울,2025-08-05 02:00,27,,,,.8,,77,
108,서울,2025-08-05 03:00,26.6,,,,1.2,,76,
108,서울,2025-08-05 04:00,26.3,,,,1.6,,78,
108,서울,2025-08-05 05:00,25.7,,,,1.9,,83,
108,서울,2025-08-05 06:00,25.4,,,,1.4,,83,
108,서울,2025-08-05 07:00,25.5,,,,.9,,82,
108,서울,2025-08-05 08:00,26.3,,,,2.1,,80,
108,서울,2025-08-05 09:00,28.1,,,,2,,72,
108,서울,2025-08-05 10:00,29.3,,,,2.3,,67,
108,서울,2025-08-05 11:00,30.5,,,,2.8,,61,
108,서울,2025-08-05 12:00,31.7,,,,3,,56,
108,서울,2025-08-05 13:00,32.3,,,,3.2,,53,
108,서울,2025-08-05 14:00,32.5,,,,4,,54,
108,서울,2025-08-05 15:00,33.4,,,,3.8,,47,
108,서울,2025-08-05 16:00,33.2,,,,2.8,,50,
108,서울,2025-08-05 17:00,31.7,,,,3.6,,57,
108,서울,2025-08-05 18:00,30.9,,,,2.5,,60,
108,서울,2025-08-05 19:00,29.8,,,,3,,66,
108,서울,2025-08-05 20:00,29,,,,2.1,,70,
108,서울,2025-08-05 21:00,28.6,,,,2.6,,71,
108,서울,2025-08-05 22:00,28.2,,,,1.9,,73,
108,서울,2025-08-05 23:00,28.1,,,,1.4,,73,
108,서울,2025-08-06 00:00,28.1,,,,2.2,,74,
108,서울,2025-08-06 01:00,27.9,,,,2.2,,75,
108,서울,2025-08-06 02:00,27.8,,,,2.7,,78,
108,서울,2025-08-06 03:00,27.6,,.7,,2.9,,85,
108,서울,2025-08-06 04:00,27,,3,,4,,92,
108,서울,2025-08-06 05:00,27.1,,1.9,,3.9,,94,
108,서울,2025-08-06 06:00,27.3,,0,,4.7,,91,
108,서울,2025-08-06 07:00,27.5,,,9,3.1,,90,
108,서울,2025-08-06 08:00,27.9,,,9,3.4,,89,
108,서울,2025-08-06 09:00,27.9,,.5,,3.8,,91,
108,서울,2025-08-06 10:00,28.6,,.1,,4.6,,86,
108,서울,2025-08-06 11:00,29.3,,,9,4.8,,80,
108,서울,2025-08-06 12:00,28.8,,0,,2.6,,82,
108,서울,2025-08-06 13:00,28.8,,0,,4,,84,
108,서울,2025-08-06 14:00,27.6,,4,,3.9,,91,
108,서울,2025-08-06 15:00,27,,7.2,,3,,94,
108,서울,2025-08-06 16:00,26.6,,2.5,,2.9,,94,
108,서울,2025-08-06 17:00,26.1,,2,,2.9,,92,
108,서울,2025-08-06 18:00,26.5,,.1,,2.3,,89,
108,서울,2025-08-06 19:00,26.7,,,9,2.4,,86,
108,서울,2025-08-06 20:00,26.1,,,9,2.3,,87,
108,서울,2025-08-06 21:00,25.8,,,9,2.8,,90,
108,서울,2025-08-06 22:00,25.8,,,9,2.8,,89,
108,서울,2025-08-06 23:00,25.9,,,9,2.3,,89,
108,서울,2025-08-07 00:00,26,,,9,2.2,,90,
108,서울,2025-08-07 01:00,26,,,,3,,90,
108,서울,2025-08-07 02:00,26,,,,3.7,,90,
108,서울,2025-08-07 03:00,25.9,,,,2.5,,90,
108,서울,2025-08-07 04:00,25.8,,,,2.9,,89,
108,서울,2025-08-07 05:00,25.6,,,,2.6,,89,
108,서울,2025-08-07 06:00,25.5,,,,2,,88,
108,서울,2025-08-07 07:00,25.6,,,,1.8,,88,
108,서울,2025-08-07 08:00,26.4,,,,2.3,,86,
108,서울,2025-08-07 09:00,27.4,,,,3,,79,
108,서울,2025-08-07 10:00,28.6,,,,3.2,,71,
108,서울,2025-08-07 11:00,29.5,,,,2.9,,62,
108,서울,2025-08-07 12:00,30.3,,,,2.9,,57,
108,서울,2025-08-07 13:00,30.9,,,,2.9,,55,
108,서울,2025-08-07 14:00,31.3,,,,2.6,,54,
108,서울,2025-08-07 15:00,31.8,,,,3.7,,52,
108,서울,2025-08-07 16:00,32,,,,2.9,,52,
108,서울,2025-08-07 17:00,31.8,,,,2.9,,52,
108,서울,2025-08-07 18:00,31.2,,,,3.2,,54,
108,서울,2025-08-07 19:00,29.8,,,,3.5,,66,
108,서울,2025-08-07 20:00,28,,,,4,,69,
108,서울,2025-08-07 21:00,27.3,,,,2.1,,70,
108,서울,2025-08-07 22:00,26.9,,,,2.7,,72,
108,서울,2025-08-07 23:00,26.6,,,,2.3,,72,
108,서울,2025-08-08 00:00,26.2,,,,1.6,,76,
108,서울,2025-08-08 01:00,25.9,,,,2.2,,80,
108,서울,2025-08-08 02:00,25.6,,,,2.2,,80,
108,서울,2025-08-08 03:00,25.2,,,,2.2,,80,
108,서울,2025-08-08 04:00,24.7,,,,1.5,,83,
108,서울,2025-08-08 05:00,24.2,,,,1.1,,84,
108,서울,2025-08-08 06:00,24,,,,.7,,85,
108,서울,2025-08-08 07:00,24.2,,,,1,,85,
108,서울,2025-08-08 08:00,25.4,,,,1.8,,83,
108,서울,2025-08-08 09:00,26.3,,,,1,,79,
108,서울,2025-08-08 10:00,27,,,,1.3,,75,
108,서울,2025-08-08 11:00,27.6,,,,1.7,,71,
108,서울,2025-08-08 12:00,28.7,,,,1.3,,67,
108,서울,2025-08-08 13:00,29.5,,,,2.1,,66,
108,서울,2025-08-08 14:00,30.1,,,,2,,63,
108,서울,2025-08-08 15:00,29.2,,0,,2.8,,69,
108,서울,2025-08-08 16:00,27,,6.3,,1.2,,80,
108,서울,2025-08-08 17:00,28,,0,,1.2,,81,
108,서울,2025-08-08 18:00,28.2,,,9,2.9,,67,
108,서울,2025-08-08 19:00,27.5,,,9,2.4,,65,
108,서울,2025-08-08 20:00,26.7,,,9,2.7,,66,
108,서울,2025-08-08 21:00,26.1,,,9,1.7,,71,
108,서울,2025-08-08 22:00,25.7,,,9,1.2,,71,
108,서울,2025-08-08 23:00,25.4,,,9,1.4,,75,
108,서울,2025-08-09 00:00,25.2,,,9,.5,,80,
108,서울,2025-08-09 01:00,25,,,,.9,,82,
108,서울,2025-08-09 02:00,25.1,,,,1.4,,83,
108,서울,2025-08-09 03:00,25.1,,,,.8,,85,
108,서울,2025-08-09 04:00,25,,,,.6,,85,
108,서울,2025-08-09 05:00,25.1,,0,,1,,85,
108,서울,2025-08-09 06:00,25,,0,,1.1,,89,
108,서울,2025-08-09 07:00,24.6,,.2,,1.7,,85,
108,서울,2025-08-09 08:00,24.7,,.3,,1,,88,
108,서울,2025-08-09 09:00,25,,.2,,1.7,,88,
108,서울,2025-08-09 10:00,25.4,,0,,2.1,,86,
108,서울,2025-08-09 11:00,25.7,,0,,1.6,,84,
108,서울,2025-08-09 12:00,25,,2.4,,1.9,,86,
108,서울,2025-08-09 13:00,24.5,,.4,,2,,74,
108,서울,2025-08-09 14:00,24.8,,,9,1.4,,84,
108,서울,2025-08-09 15:00,25.4,,,9,2.2,,79,
108,서울,2025-08-09 16:00,25.6,,,9,1.9,,79,
108,서울,2025-08-09 17:00,25.9,,,9,1.9,,78,
108,서울,2025-08-09 18:00,26.4,,,9,1.5,,72,
108,서울,2025-08-09 19:00,26.1,,,9,1.8,,73,
108,서울,2025-08-09 20:00,25.2,,,9,.8,,76,
108,서울,2025-08-09 21:00,24.5,,,9,1.4,,76,
108,서울,2025-08-09 22:00,24.1,,,9,1.5,,79,
108,서울,2025-08-09 23:00,23.5,,,9,1.5,,81,
108,서울,2025-08-10 00:00,23.1,,,9,1.2,,82,
108,서울,2025-08-10 01:00,22.7,,,,1.6,,84,
108,서울,2025-08-10 02:00,22.3,,,,.5,,85,
108,서울,2025-08-10 03:00,22,,,,.9,,86,
108,서울,2025-08-10 04:00,21.6,,,,1.5,,84,
108,서울,2025-08-10 05:00,21.2,,,,1.2,,83,
108,서울,2025-08-10 06:00,21,,,,1.6,,85,
108,서울,2025-08-10 07:00,21.4,,,,1.7,,86,
108,서울,2025-08-10 08:00,23.3,,,,.6,,81,
108,서울,2025-08-10 09:00,25.2,,,,1.2,,74,
108,서울,2025-08-10 10:00,27.1,,,,1.5,,68,
108,서울,2025-08-10 11:00,28.2,,,,1.6,,64,
108,서울,2025-08-10 12:00,29.7,,,,2.1,,63,
108,서울,2025-08-10 13:00,30.5,,,,1.9,,60,
108,서울,2025-08-10 14:00,31.8,,,,1.8,,53,
108,서울,2025-08-10 15:00,32.7,,,,2.9,,53,
108,서울,2025-08-10 16:00,33.1,,,,3,,50,
108,서울,2025-08-10 17:00,32.8,,,,3.1,,50,
108,서울,2025-08-10 18:00,32.3,,,,3,,51,
108,서울,2025-08-10 19:00,31.1,,,,2.5,,54,
108,서울,2025-08-10 20:00,29.7,,,,1.7,,60,
108,서울,2025-08-10 21:00,28.6,,,,2.2,,70,
108,서울,2025-08-10 22:00,28,,,,1.3,,73,
108,서울,2025-08-10 23:00,27.5,,,,1.2,,77,
108,서울,2025-08-11 00:00,27,,,,1.1,,78,
108,서울,2025-08-11 01:00,26.5,,,,.8,,79,
108,서울,2025-08-11 02:00,26.1,,,,.5,,80,
108,서울,2025-08-11 03:00,25.7,,,,.9,,79,
108,서울,2025-08-11 04:00,25.5,,,,1,,80,
108,서울,2025-08-11 05:00,25.2,,,,1.1,,81,
108,서울,2025-08-11 06:00,25,,,,2,,83,
108,서울,2025-08-11 07:00,25.1,,,,1.8,,83,
108,서울,2025-08-11 08:00,25.4,,,,2.5,,82,
108,서울,2025-08-11 09:00,26.2,,,,2.7,,79,
108,서울,2025-08-11 10:00,26.7,,,,1.8,,76,
108,서울,2025-08-11 11:00,27.6,,,,2,,71,
108,서울,2025-08-11 12:00,28.2,,,,2.6,,69,
108,서울,2025-08-11 13:00,28.7,,,,1.9,,69,
108,서울,2025-08-11 14:00,29.2,,,,2.4,,69,
108,서울,2025-08-11 15:00,29.2,,,,1.9,,66,
108,서울,2025-08-11 16:00,29.2,,,,2,,67,
108,서울,2025-08-11 17:00,29.2,,,,2.4,,66,
108,서울,2025-08-11 18:00,28.7,,,,3.3,,68,
108,서울,2025-08-11 19:00,27.7,,,,2.3,,73,
108,서울,2025-08-11 20:00,27.3,,,,1.6,,74,
108,서울,2025-08-11 21:00,26.9,,0,,2.7,,73,
108,서울,2025-08-11 22:00,26.6,,,9,2.3,,75,
108,서울,2025-08-11 23:00,26.2,,,9,1.7,,73,
108,서울,2025-08-12 00:00,25.9,,,9,1.6,,74,
108,서울,2025-08-12 01:00,25.5,,,,1.6,,78,
108,서울,2025-08-12 02:00,25.1,,,,1.6,,82,
108,서울,2025-08-12 03:00,25,,,,1.9,,83,
108,서울,2025-08-12 04:00,24.6,,,,.9,,82,
108,서울,2025-08-12 05:00,23.8,,,,1.4,,85,
108,서울,2025-08-12 06:00,23.3,,,,1,,86,
108,서울,2025-08-12 07:00,23.5,,,,1.8,,87,
108,서울,2025-08-12 08:00,25.4,,,,1.9,,79,
108,서울,2025-08-12 09:00,27.3,,,,2.2,,71,
108,서울,2025-08-12 10:00,28.7,,,,2.4,,66,
108,서울,2025-08-12 11:00,30.2,,,,2.5,,57,
108,서울,2025-08-12 12:00,31.4,,,,2.9,,50,
108,서울,2025-08-12 13:00,32.4,,,,2.6,,51,
108,서울,2025-08-12 14:00,33.2,,,,1.9,,48,
108,서울,2025-08-12 15:00,33.2,,,,3.3,,37,
108,서울,2025-08-12 16:00,34,,,,1.5,,40,
108,서울,2025-08-12 17:00,33.6,,,,2.9,,42,
108,서울,2025-08-12 18:00,32.9,,,,3,,43,
108,서울,2025-08-12 19:00,31.4,,,,3.7,,51,
108,서울,2025-08-12 20:00,29.7,,,,3.8,,57,
108,서울,2025-08-12 21:00,28.6,,,,2.8,,62,
108,서울,2025-08-12 22:00,27.8,,,,1.9,,67,
108,서울,2025-08-12 23:00,27.3,,,,2,,69,
108,서울,2025-08-13 00:00,26.9,,,,2.1,,71,
108,서울,2025-08-13 01:00,26.8,,,,2.3,,72,
108,서울,2025-08-13 02:00,26.7,,0,,2.2,,73,
108,서울,2025-08-13 03:00,26.4,,,9,1.4,,74,
108,서울,2025-08-13 04:00,26.4,,,9,1.8,,75,
108,서울,2025-08-13 05:00,26.1,,0,,3.2,,81,
108,서울,2025-08-13 06:00,24.6,,22.9,,2,,94,
108,서울,2025-08-13 07:00,24.3,,20.1,,2.5,,95,
108,서울,2025-08-13 08:00,24,,7.1,,3.8,,95,
108,서울,2025-08-13 09:00,23.4,,8.2,,3.5,,96,
108,서울,2025-08-13 10:00,22.7,,8.9,,3.8,,96,
108,서울,2025-08-13 11:00,22,,9.3,,2.8,,96,
108,서울,2025-08-13 12:00,23.3,,30,,3.7,,99,
108,서울,2025-08-13 13:00,23.7,,5.6,,1.6,,98,
108,서울,2025-08-13 14:00,26.6,,0,,5.2,,92,
108,서울,2025-08-13 15:00,26.7,,0,,3,,94,
108,서울,2025-08-13 16:00,26.7,,.5,,3.8,,92,
108,서울,2025-08-13 17:00,26.8,,.4,,2.1,,91,
108,서울,2025-08-13 18:00,26.8,,3,,2.8,,94,
108,서울,2025-08-13 19:00,26.2,,9.6,,4.7,,94,
108,서울,2025-08-13 20:00,24.7,,1.1,,2.1,,90,
108,서울,2025-08-13 21:00,24.5,,,9,.9,,90,
108,서울,2025-08-13 22:00,24.5,,0,,1.8,,92,
108,서울,2025-08-13 23:00,24.6,,0,,1.4,,92,
108,서울,2025-08-14 00:00,24.8,,,9,1.1,,93,
108,서울,2025-08-14 01:00,24.9,,.2,,1.1,,94,
108,서울,2025-08-14 02:00,25,,3.9,,4.4,,97,
108,서울,2025-08-14 03:00,24.7,,5.8,,4,,97,
108,서울,2025-08-14 04:00,24.4,,2.1,,2.6,,95,
108,서울,2025-08-14 05:00,24.3,,3.8,,3.2,,97,
108,서울,2025-08-14 06:00,24.4,,1,,1.7,,97,
108,서울,2025-08-14 07:00,24.5,,5,,2.3,,98,
108,서울,2025-08-14 08:00,24.3,,24.4,,1.8,,98,
108,서울,2025-08-14 09:00,24.8,,1.3,,3.1,,95,
108,서울,2025-08-14 10:00,25,,.1,,1.8,,95,
108,서울,2025-08-14 11:00,25,,.1,,2,,95,
108,서울,2025-08-14 12:00,25.3,,0,,3,,94,
108,서울,2025-08-14 13:00,26,,,9,2.2,,91,
108,서울,2025-08-14 14:00,26.6,,,9,2.4,,88,
108,서울,2025-08-14 15:00,26.4,,0,,2.2,,90,
108,서울,2025-08-14 16:00,26.5,,.1,,2.4,,88,
108,서울,2025-08-14 17:00,26.9,,,9,1.8,,85,
108,서울,2025-08-14 18:00,26.8,,,9,1.6,,82,
108,서울,2025-08-14 19:00,26.4,,,9,1.8,,83,
108,서울,2025-08-14 20:00,26,,,9,1.4,,84,
108,서울,2025-08-14 21:00,25.8,,,9,1.3,,86,
108,서울,2025-08-14 22:00,25.6,,,9,1.4,,88,
108,서울,2025-08-14 23:00,25.5,,,9,1.7,,87,
108,서울,2025-08-15 00:00,25.5,,,9,1.7,,88,
108,서울,2025-08-15 01:00,25.6,,,,1.4,,88,
108,서울,2025-08-15 02:00,25.2,,,,.8,,90,
108,서울,2025-08-15 03:00,25,,,,.7,,90,
108,서울,2025-08-15 04:00,24.7,,,,.8,,91,
108,서울,2025-08-15 05:00,24.5,,,,1.4,,92,
108,서울,2025-08-15 06:00,24.4,,,,1,,93,
108,서울,2025-08-15 07:00,24.7,,,,1.2,,93,
108,서울,2025-08-15 08:00,25.4,,,,1.9,,93,
108,서울,2025-08-15 09:00,27,,,,2,,85,
108,서울,2025-08-15 10:00,28.8,,,,1.3,,80,
108,서울,2025-08-15 11:00,28.3,,0,,1.8,,76,
108,서울,2025-08-15 12:00,27.2,,0,,1.9,,87,
108,서울,2025-08-15 13:00,27.4,,0,,1.6,,84,
108,서울,2025-08-15 14:00,27.8,,0,,2.9,,83,
108,서울,2025-08-15 15:00,29.4,,0,,2.5,,74,
108,서울,2025-08-15 16:00,30.9,,,9,1.6,,71,
108,서울,2025-08-15 17:00,30.5,,,9,2.5,,71,
108,서울,2025-08-15 18:00,29.7,,,9,2.1,,73,
108,서울,2025-08-15 19:00,29.2,,,9,2.4,,76,
108,서울,2025-08-15 20:00,28.1,,,9,2.3,,80,
108,서울,2025-08-15 21:00,27.5,,,9,3.1,,84,
108,서울,2025-08-15 22:00,26.9,,,9,2.9,,85,
108,서울,2025-08-15 23:00,26.5,,,9,2.1,,88,
108,서울,2025-08-16 00:00,26.4,,,9,.6,,88,
108,서울,2025-08-16 01:00,26.1,,,,1.3,,90,
108,서울,2025-08-16 02:00,26,,,,1.5,,90,
108,서울,2025-08-16 03:00,25.8,,,,.5,,90,
108,서울,2025-08-16 04:00,25.6,,,,.5,,91,
108,서울,2025-08-16 05:00,25.6,,,,.3,,91,
108,서울,2025-08-16 06:00,25.8,,,,.8,,91,
108,서울,2025-08-16 07:00,26,,,,1.3,,91,
108,서울,2025-08-16 08:00,26.5,,,,1.6,,89,
108,서울,2025-08-16 09:00,27.4,,,,1.9,,84,
108,서울,2025-08-16 10:00,28.3,,,,2,,79,
108,서울,2025-08-16 11:00,30,,,,3.8,,71,
108,서울,2025-08-16 12:00,30.7,,,,4,,65,
108,서울,2025-08-16 13:00,30.1,,,,4,,65,
108,서울,2025-08-16 14:00,31.7,,,,3.7,,63,
108,서울,2025-08-16 15:00,31.4,,,,4.4,,59,
108,서울,2025-08-16 16:00,31.2,,,,3.8,,63,
108,서울,2025-08-16 17:00,30.5,,,,3,,63,
108,서울,2025-08-16 18:00,30.2,,,,3.7,,64,
108,서울,2025-08-16 19:00,29.4,,,,3,,64,
108,서울,2025-08-16 20:00,28.3,,,,1.9,,70,
108,서울,2025-08-16 21:00,27.8,,,,2.2,,73,
108,서울,2025-08-16 22:00,27.2,,,,2.3,,79,
108,서울,2025-08-16 23:00,26.9,,,,2.2,,80,
108,서울,2025-08-17 00:00,26.5,,,,2,,82,
108,서울,2025-08-17 01:00,26.4,,,,.9,,83,
108,서울,2025-08-17 02:00,26.3,,,,2.4,,85,
108,서울,2025-08-17 03:00,26.2,,,,2.5,,86,
108,서울,2025-08-17 04:00,26.1,,,,1.5,,87,
108,서울,2025-08-17 05:00,26.2,,,,1.6,,87,
108,서울,2025-08-17 06:00,26.2,,,,2.2,,88,
108,서울,2025-08-17 07:00,26.4,,,,1.7,,88,
108,서울,2025-08-17 08:00,26.6,,,,2.3,,87,
108,서울,2025-08-17 09:00,27.3,,,,2.8,,84,
108,서울,2025-08-17 10:00,28.4,,,,2.4,,78,
108,서울,2025-08-17 11:00,29.2,,,,3.5,,72,
108,서울,2025-08-17 12:00,30.7,,,,2.9,,67,
108,서울,2025-08-17 13:00,31.3,,,,2.3,,64,
108,서울,2025-08-17 14:00,31.9,,,,3.5,,58,
108,서울,2025-08-17 15:00,31.1,,,,2.7,,60,
108,서울,2025-08-17 16:00,31,,,,2.9,,63,
108,서울,2025-08-17 17:00,30.9,,,,2.6,,63,
108,서울,2025-08-17 18:00,30.1,,,,2.9,,68,
108,서울,2025-08-17 19:00,29.5,,,,2.1,,70,
108,서울,2025-08-17 20:00,28.6,,,,2.3,,72,
108,서울,2025-08-17 21:00,28.1,,,,1.1,,77,
108,서울,2025-08-17 22:00,28,,,,1,,78,
108,서울,2025-08-17 23:00,27.9,,,,1.9,,78,
108,서울,2025-08-18 00:00,27.7,,,,1.7,,80,
108,서울,2025-08-18 01:00,27.6,,,,.5,,79,
108,서울,2025-08-18 02:00,27.6,,0,,2,,82,
108,서울,2025-08-18 03:00,27.4,,0,,1.5,,83,
108,서울,2025-08-18 04:00,27.3,,0,,1.6,,85,
108,서울,2025-08-18 05:00,27.2,,.2,,1.5,,86,
108,서울,2025-08-18 06:00,27,,,9,2.4,,86,
108,서울,2025-08-18 07:00,27.1,,,9,2.5,,84,
108,서울,2025-08-18 08:00,27.4,,,9,2.3,,83,
108,서울,2025-08-18 09:00,27.9,,,9,2.3,,81,
108,서울,2025-08-18 10:00,29.3,,,9,2.6,,76,
108,서울,2025-08-18 11:00,30.3,,,9,3.5,,71,
108,서울,2025-08-18 12:00,31.1,,,9,3.3,,65,
108,서울,2025-08-18 13:00,32.3,,,9,3.5,,63,
108,서울,2025-08-18 14:00,32.3,,,9,4.6,,58,
108,서울,2025-08-18 15:00,32.6,,,9,4.6,,56,
108,서울,2025-08-18 16:00,32.1,,,9,3.1,,58,
108,서울,2025-08-18 17:00,31.3,,,9,4.5,,56,
108,서울,2025-08-18 18:00,30.1,,,9,4.3,,62,
108,서울,2025-08-18 19:00,29.3,,0,,5,,71,
108,서울,2025-08-18 20:00,28.2,,0,,3.5,,79,
108,서울,2025-08-18 21:00,27.8,,.2,,3.9,,86,
108,서울,2025-08-18 22:00,27.5,,1.1,,3,,88,
108,서울,2025-08-18 23:00,27.3,,.5,,3.2,,90,
108,서울,2025-08-19 00:00,27.2,,.2,,1.9,,86,
108,서울,2025-08-19 01:00,27.2,,,,1.6,,87,
108,서울,2025-08-19 02:00,27.3,,,,2,,86,
108,서울,2025-08-19 03:00,27.2,,,,2.8,,87,
108,서울,2025-08-19 04:00,27.1,,,,2.1,,88,
108,서울,2025-08-19 05:00,27,,,,2.2,,87,
108,서울,2025-08-19 06:00,26.9,,,,2.2,,89,
108,서울,2025-08-19 07:00,27,,,,2.3,,89,
108,서울,2025-08-19 08:00,27.6,,,,3.2,,87,
108,서울,2025-08-19 09:00,28.6,,,,3.3,,81,
108,서울,2025-08-19 10:00,29.7,,,,3.6,,73,
108,서울,2025-08-19 11:00,30.5,,,,3.5,,71,
108,서울,2025-08-19 12:00,30.9,,,,4.7,,68,
108,서울,2025-08-19 13:00,31.2,,,,4.3,,65,
108,서울,2025-08-19 14:00,31.5,,,,3.7,,63,
108,서울,2025-08-19 15:00,32.1,,,,4.9,,59,
108,서울,2025-08-19 16:00,31.3,,,,4.6,,67,
108,서울,2025-08-19 17:00,31.2,,,,4.1,,63,
108,서울,2025-08-19 18:00,30.8,,,,2.7,,65,
108,서울,2025-08-19 19:00,29.7,,,,4.5,,67,
108,서울,2025-08-19 20:00,29,,,,4.1,,71,
108,서울,2025-08-19 21:00,28.6,,,,2.2,,74,
108,서울,2025-08-19 22:00,28.4,,,,2.4,,76,
108,서울,2025-08-19 23:00,28.3,,,,2.7,,80,
108,서울,2025-08-20 00:00,28,,,,2.4,,79,
108,서울,2025-08-20 01:00,27.9,,,,2.5,,83,
108,서울,2025-08-20 02:00,27.7,,0,,3.6,,84,
108,서울,2025-08-20 03:00,27.6,,,9,2.1,,84,
108,서울,2025-08-20 04:00,27.4,,,9,2.1,,85,
108,서울,2025-08-20 05:00,27.2,,,9,1.4,,85,
108,서울,2025-08-20 06:00,27,,0,,3.2,,85,
108,서울,2025-08-20 07:00,27,,,9,2.1,,85,
108,서울,2025-08-20 08:00,27.7,,,9,3.2,,82,
108,서울,2025-08-20 09:00,28.7,,,9,2.6,,78,
108,서울,2025-08-20 10:00,29.7,,,9,3,,74,
108,서울,2025-08-20 11:00,30.5,,,9,2.9,,69,
108,서울,2025-08-20 12:00,31.4,,,9,2.7,,67,
108,서울,2025-08-20 13:00,31.6,,,9,3.6,,63,
108,서울,2025-08-20 14:00,32.2,,,9,3.4,,59,
108,서울,2025-08-20 15:00,32.7,,,9,2.4,,59,
108,서울,2025-08-20 16:00,32.1,,,9,2.8,,59,
108,서울,2025-08-20 17:00,31.6,,,9,2.9,,61,
108,서울,2025-08-20 18:00,30.5,,,9,3.3,,67,
108,서울,2025-08-20 19:00,29.7,,,9,2.4,,71,
108,서울,2025-08-20 20:00,29.2,,,9,2.7,,73,
108,서울,2025-08-20 21:00,28.8,,,9,2.4,,77,
108,서울,2025-08-20 22:00,28.4,,,9,1.4,,78,
108,서울,2025-08-20 23:00,28.4,,,9,1.8,,79,
108,서울,2025-08-21 00:00,28.2,,,9,1,,79,
108,서울,2025-08-21 01:00,28.2,,,,1.9,,80,
108,서울,2025-08-21 02:00,28.1,,,,1.6,,81,
108,서울,2025-08-21 03:00,27.9,,,,1.5,,83,
108,서울,2025-08-21 04:00,27.7,,,,2.1,,85,
108,서울,2025-08-21 05:00,27.5,,,,2,,84,
108,서울,2025-08-21 06:00,27.4,,,,1.8,,86,
108,서울,2025-08-21 07:00,27.6,,,,1.9,,85,
108,서울,2025-08-21 08:00,28,,,,2.2,,83,
108,서울,2025-08-21 09:00,29,,,,2.4,,77,
108,서울,2025-08-21 10:00,30,,,,1.8,,73,
108,서울,2025-08-21 11:00,31.2,,,,2,,70,
108,서울,2025-08-21 12:00,32.2,,,,3,,63,
108,서울,2025-08-21 13:00,33.4,,,,3.3,,59,
108,서울,2025-08-21 14:00,34.2,,,,2.5,,54,
108,서울,2025-08-21 15:00,33.3,,,,3.2,,56,
108,서울,2025-08-21 16:00,33.8,,,,3.6,,52,
108,서울,2025-08-21 17:00,33,,,,3.9,,60,
108,서울,2025-08-21 18:00,31.8,,,,3.2,,62,
108,서울,2025-08-21 19:00,30.4,,,,3.4,,66,
108,서울,2025-08-21 20:00,29.4,,,,2.1,,67,
108,서울,2025-08-21 21:00,29,,,,1.2,,65,
108,서울,2025-08-21 22:00,28.6,,,,1.1,,69,
108,서울,2025-08-21 23:00,28.2,,,,1,,72,
108,서울,2025-08-22 00:00,27.7,,,,1.5,,73,
108,서울,2025-08-22 01:00,27.3,,,,1.3,,75,
108,서울,2025-08-22 02:00,27,,,,1.1,,76,
108,서울,2025-08-22 03:00,26.7,,,,.8,,79,
108,서울,2025-08-22 04:00,26.5,,,,1.4,,82,
108,서울,2025-08-22 05:00,26.3,,,,.5,,81,
108,서울,2025-08-22 06:00,26.3,,,,.6,,87,
108,서울,2025-08-22 07:00,26.4,,,,.9,,87,
108,서울,2025-08-22 08:00,27.7,,,,2.4,,80,
108,서울,2025-08-22 09:00,28.4,,,,2,,79,
108,서울,2025-08-22 10:00,29.7,,,,2.2,,69,
108,서울,2025-08-22 11:00,31.5,,,,2.3,,63,
108,서울,2025-08-22 12:00,32.2,,,,2.6,,59,
108,서울,2025-08-22 13:00,32.5,,,,3.1,,55,
108,서울,2025-08-22 14:00,33,,,,3.3,,56,
108,서울,2025-08-22 15:00,33.4,,,,3.2,,52,
108,서울,2025-08-22 16:00,33.4,,,,3.7,,49,
108,서울,2025-08-22 17:00,33.1,,,,2.9,,53,
108,서울,2025-08-22 18:00,31.8,,,,3.3,,61,
108,서울,2025-08-22 19:00,30.2,,,,3.1,,67,
108,서울,2025-08-22 20:00,29.1,,,,3.1,,73,
108,서울,2025-08-22 21:00,28.6,,,,1.7,,76,
108,서울,2025-08-22 22:00,28.3,,,,2.1,,76,
108,서울,2025-08-22 23:00,28.1,,,,1.9,,79,
108,서울,2025-08-23 00:00,28,,,,1.4,,79,
108,서울,2025-08-23 01:00,27.9,,,,1.6,,80,
108,서울,2025-08-23 02:00,27.9,,,,1.3,,82,
108,서울,2025-08-23 03:00,27.7,,,,1.4,,82,
108,서울,2025-08-23 04:00,27.6,,,,1.3,,82,
108,서울,2025-08-23 05:00,27.4,,,,.9,,83,
108,서울,2025-08-23 06:00,27.4,,,,1.5,,84,
108,서울,2025-08-23 07:00,27.5,,,,2.2,,84,
108,서울,2025-08-23 08:00,27.9,,,,1,,83,
108,서울,2025-08-23 09:00,28.9,,,,2,,79,
108,서울,2025-08-23 10:00,30,,,,.9,,74,
108,서울,2025-08-23 11:00,30.7,,,,3.6,,71,
108,서울,2025-08-23 12:00,31,,,,2.4,,68,
108,서울,2025-08-23 13:00,30.5,,,,2.4,,71,
108,서울,2025-08-23 14:00,30.3,,,,2,,72,
108,서울,2025-08-23 15:00,30.4,,,,2.6,,72,
108,서울,2025-08-23 16:00,31.6,,,,2.3,,70,
108,서울,2025-08-23 17:00,31.8,,,,1.7,,67,
108,서울,2025-08-23 18:00,31.7,,,,1.4,,67,
108,서울,2025-08-23 19:00,30.7,,,,2.3,,70,
108,서울,2025-08-23 20:00,29.7,,,,2.4,,72,
108,서울,2025-08-23 21:00,29,,,,2.2,,70,
108,서울,2025-08-23 22:00,28.7,,,,1.3,,75,
108,서울,2025-08-23 23:00,28.5,,,,1.1,,76,
108,서울,2025-08-24 00:00,28.2,,,,.6,,77,
108,서울,2025-08-24 01:00,27.7,,,,1.6,,79,
108,서울,2025-08-24 02:00,27.4,,,,.9,,79,
108,서울,2025-08-24 03:00,27.3,,,,1.6,,81,
108,서울,2025-08-24 04:00,27.1,,,,.5,,81,
108,서울,2025-08-24 05:00,26.9,,,,1.5,,83,
108,서울,2025-08-24 06:00,27.1,,,,.6,,84,
108,서울,2025-08-24 07:00,27.2,,,,.7,,85,
108,서울,2025-08-24 08:00,28,,,,1.3,,84,
108,서울,2025-08-24 09:00,28.6,,,,1.1,,81,
108,서울,2025-08-24 10:00,29.3,,,,1.8,,77,
108,서울,2025-08-24 11:00,30.7,,,,2.3,,67,
108,서울,2025-08-24 12:00,32.6,,,,1.5,,61,
108,서울,2025-08-24 13:00,32.9,,,,2.1,,61,
108,서울,2025-08-24 14:00,33.7,,,,2.8,,54,
108,서울,2025-08-24 15:00,34.5,,,,2.9,,50,
108,서울,2025-08-24 16:00,34,,,,2,,49,
108,서울,2025-08-24 17:00,34,,,,2.6,,49,
108,서울,2025-08-24 18:00,33.1,,,,3,,57,
108,서울,2025-08-24 19:00,31.5,,,,2.5,,62,
108,서울,2025-08-24 20:00,30.5,,,,2.2,,66,
108,서울,2025-08-24 21:00,30,,,,2.1,,68,
108,서울,2025-08-24 22:00,29.6,,,,.6,,68,
108,서울,2025-08-24 23:00,29,,,,1.4,,71,
108,서울,2025-08-25 00:00,28.7,,,,1.2,,73,
108,서울,2025-08-25 01:00,28.6,,,,1.8,,74,
108,서울,2025-08-25 02:00,28.5,,,,1.8,,76,
108,서울,2025-08-25 03:00,28.3,,,,2.8,,78,
108,서울,2025-08-25 04:00,28,,,,.9,,79,
108,서울,2025-08-25 05:00,27.5,,,,1,,82,
108,서울,2025-08-25 06:00,27.5,,,,1.9,,83,
108,서울,2025-08-25 07:00,27.8,,,,1.9,,81,
108,서울,2025-08-25 08:00,28.6,,,,1.8,,77,
108,서울,2025-08-25 09:00,26.7,,0,,2.6,,84,
108,서울,2025-08-25 10:00,26.7,,13.9,,1.6,,93,
108,서울,2025-08-25 11:00,27.9,,.4,,1.4,,92,
108,서울,2025-08-25 12:00,28.8,,.4,,1.1,,88,
108,서울,2025-08-25 13:00,30.2,,0,,3.1,,74,
108,서울,2025-08-25 14:00,32,,0,,3.3,,67,
108,서울,2025-08-25 15:00,31.4,,0,,3.5,,69,
108,서울,2025-08-25 16:00,31.7,,,9,3,,67,
108,서울,2025-08-25 17:00,31.8,,0,,4,,64,
108,서울,2025-08-25 18:00,30,,1,,4.3,,76,
108,서울,2025-08-25 19:00,29.6,,0,,4.2,,76,
108,서울,2025-08-25 20:00,28.8,,.4,,3.5,,81,
108,서울,2025-08-25 21:00,29.1,,,9,4.2,,80,
108,서울,2025-08-25 22:00,28.9,,0,,3.7,,81,
108,서울,2025-08-25 23:00,28.6,,1,,3.9,,83,
108,서울,2025-08-26 00:00,28,,0,,2.7,,87,
108,서울,2025-08-26 01:00,27.6,,0,,2.8,,88,
108,서울,2025-08-26 02:00,27.3,,0,,1.7,,88,
108,서울,2025-08-26 03:00,26.8,,.7,,2.2,,90,
108,서울,2025-08-26 04:00,26.4,,.4,,3.5,,90,
108,서울,2025-08-26 05:00,25.7,,2.2,,2.9,,93,
108,서울,2025-08-26 06:00,25.6,,1.1,,3,,95,
108,서울,2025-08-26 07:00,25.5,,.7,,2.7,,96,
108,서울,2025-08-26 08:00,25.6,,.3,,2.7,,94,
108,서울,2025-08-26 09:00,25.9,,0,,2.7,,94,
108,서울,2025-08-26 10:00,26.4,,0,,2.5,,91,
108,서울,2025-08-26 11:00,27.5,,0,,2.4,,87,
108,서울,2025-08-26 12:00,28.3,,0,,3.1,,80,
108,서울,2025-08-26 13:00,29.3,,,9,3.6,,66,
108,서울,2025-08-26 14:00,30.3,,,9,4.2,,62,
108,서울,2025-08-26 15:00,31.2,,,9,3,,62,
108,서울,2025-08-26 16:00,31.3,,,9,3.7,,61,
108,서울,2025-08-26 17:00,30.9,,,9,3.8,,64,
108,서울,2025-08-26 18:00,29.8,,,9,4.3,,70,
108,서울,2025-08-26 19:00,28.5,,,9,3.8,,74,
108,서울,2025-08-26 20:00,27.7,,,9,2.3,,76,
108,서울,2025-08-26 21:00,27,,,9,3.1,,78,
108,서울,2025-08-26 22:00,26.8,,,9,1.3,,77,
108,서울,2025-08-26 23:00,26.4,,,9,1.5,,82,
108,서울,2025-08-27 00:00,25.9,,,9,1.2,,85,
108,서울,2025-08-27 01:00,25.5,,,,.6,,85,
108,서울,2025-08-27 02:00,25.1,,,,1,,86,
108,서울,2025-08-27 03:00,24.8,,,,1.1,,88,
108,서울,2025-08-27 04:00,24.7,,,,.9,,88,
108,서울,2025-08-27 05:00,24.3,,,,1.5,,89,
108,서울,2025-08-27 06:00,23.9,,,,1,,88,
108,서울,2025-08-27 07:00,23.6,,,,1.3,,89,
108,서울,2025-08-27 08:00,25,,,,2.1,,87,
108,서울,2025-08-27 09:00,25.8,,,,2.2,,83,
108,서울,2025-08-27 10:00,26.1,,,,2,,80,
108,서울,2025-08-27 11:00,26.8,,,,2.6,,74,
108,서울,2025-08-27 12:00,27.7,,,,2.3,,68,
108,서울,2025-08-27 13:00,28.7,,,,2.1,,62,
108,서울,2025-08-27 14:00,29.8,,,,1.6,,58,
108,서울,2025-08-27 15:00,29.9,,,,1.5,,56,
108,서울,2025-08-27 16:00,30.6,,,,.9,,51,
108,서울,2025-08-27 17:00,30,,,,3.2,,61,
108,서울,2025-08-27 18:00,28.6,,,,2.9,,62,
108,서울,2025-08-27 19:00,27.8,,,,1.9,,65,
108,서울,2025-08-27 20:00,27.4,,,,2.2,,68,
108,서울,2025-08-27 21:00,26.9,,,,.5,,69,
108,서울,2025-08-27 22:00,26.4,,,,1.2,,73,
108,서울,2025-08-27 23:00,26.1,,,,.9,,76,
108,서울,2025-08-28 00:00,26,,,,1,,76,
108,서울,2025-08-28 01:00,25.7,,,,1.4,,76,
108,서울,2025-08-28 02:00,25.5,,,,2.1,,78,
108,서울,2025-08-28 03:00,25.1,,,,2.1,,77,
108,서울,2025-08-28 04:00,24.9,,,,1.7,,77,
108,서울,2025-08-28 05:00,24.9,,,,1.3,,78,
108,서울,2025-08-28 06:00,24.8,,,,1.6,,79,
108,서울,2025-08-28 07:00,24.9,,,,.9,,80,
108,서울,2025-08-28 08:00,25.9,,,,1.7,,78,
108,서울,2025-08-28 09:00,27.5,,,,1.7,,76,
108,서울,2025-08-28 10:00,28.8,,,,1.9,,70,
108,서울,2025-08-28 11:00,29.8,,,,3.4,,66,
108,서울,2025-08-28 12:00,30.4,,,,3.7,,63,
108,서울,2025-08-28 13:00,30.1,,,,3.8,,62,
108,서울,2025-08-28 14:00,30.8,,,,3.9,,58,
108,서울,2025-08-28 15:00,30.9,,,,2.4,,64,
108,서울,2025-08-28 16:00,30.6,,,,3.1,,66,
108,서울,2025-08-28 17:00,30.6,,,,3.2,,67,
108,서울,2025-08-28 18:00,30.7,,,,2.6,,67,
108,서울,2025-08-28 19:00,29.7,,,,3.8,,69,
108,서울,2025-08-28 20:00,29.2,,,,3.7,,72,
108,서울,2025-08-28 21:00,28.7,,,,4,,75,
108,서울,2025-08-28 22:00,28.4,,,,3,,79,
108,서울,2025-08-28 23:00,28.2,,,,3.2,,80,
108,서울,2025-08-29 00:00,28.1,,,,3.2,,82,
108,서울,2025-08-29 01:00,28,,,,2.9,,82,
108,서울,2025-08-29 02:00,27.9,,,,3.6,,83,
108,서울,2025-08-29 03:00,27.9,,,,3,,84,
108,서울,2025-08-29 04:00,27.7,,,,2.8,,86,
108,서울,2025-08-29 05:00,27.7,,0,,2.5,,84,
108,서울,2025-08-29 06:00,27.3,,.3,,2.1,,88,
108,서울,2025-08-29 07:00,27.5,,0,,3.6,,88,
108,서울,2025-08-29 08:00,27.8,,0,,4.3,,87,
108,서울,2025-08-29 09:00,28.6,,,9,3.2,,83,
108,서울,2025-08-29 10:00,29.9,,,9,4.4,,77,
108,서울,2025-08-29 11:00,31.1,,,9,4,,73,
108,서울,2025-08-29 12:00,31.8,,,9,4.4,,67,
108,서울,2025-08-29 13:00,32.4,,,9,5.1,,63,
108,서울,2025-08-29 14:00,32.7,,,9,5.1,,63,
108,서울,2025-08-29 15:00,32.6,,,9,3.9,,65,
108,서울,2025-08-29 16:00,31.1,,,9,5.3,,69,
108,서울,2025-08-29 17:00,27.9,,12,,2.7,,86,
108,서울,2025-08-29 18:00,28.6,,,9,3.4,,85,
108,서울,2025-08-29 19:00,28.5,,,9,3.5,,85,
108,서울,2025-08-29 20:00,28.6,,0,,2.6,,85,
108,서울,2025-08-29 21:00,28,,1.9,,3.2,,90,
108,서울,2025-08-29 22:00,27.7,,10.6,,2.4,,91,
108,서울,2025-08-29 23:00,27.6,,1.7,,2.4,,92,
108,서울,2025-08-30 00:00,27.4,,5.7,,1.3,,94,
108,서울,2025-08-30 01:00,27.3,,1.2,,2.2,,93,
108,서울,2025-08-30 02:00,27,,6.5,,1.5,,93,
108,서울,2025-08-30 03:00,27.2,,4.6,,1.8,,95,
108,서울,2025-08-30 04:00,27,,.9,,1.8,,96,
108,서울,2025-08-30 05:00,26.9,,.2,,1.4,,94,
108,서울,2025-08-30 06:00,26.2,,10.5,,1.5,,94,
108,서울,2025-08-30 07:00,26.5,,0,,.3,,94,
108,서울,2025-08-30 08:00,26.1,,0,,2.1,,92,
108,서울,2025-08-30 09:00,25.9,,0,,1.1,,92,
108,서울,2025-08-30 10:00,27.2,,0,,.9,,91,
108,서울,2025-08-30 11:00,28.3,,,9,1.7,,85,
108,서울,2025-08-30 12:00,30,,,9,3.6,,79,
108,서울,2025-08-30 13:00,31,,,9,3.8,,67,
108,서울,2025-08-30 14:00,31.1,,,9,3.6,,63,
108,서울,2025-08-30 15:00,31,,,9,4.1,,68,
108,서울,2025-08-30 16:00,31.6,,,9,2.8,,67,
108,서울,2025-08-30 17:00,31.7,,,9,2.7,,66,
108,서울,2025-08-30 18:00,31.3,,,9,2.5,,63,
108,서울,2025-08-30 19:00,30.1,,,9,1.1,,67,
108,서울,2025-08-30 20:00,29,,,9,1.5,,73,
108,서울,2025-08-30 21:00,28.4,,,9,1.8,,75,
108,서울,2025-08-30 22:00,27.8,,,9,.3,,77,
108,서울,2025-08-30 23:00,27.4,,,9,1.1,,80,
108,서울,2025-08-31 00:00,27,,,9,.5,,83,
108,서울,2025-08-31 01:00,26.6,,,,.5,,82,
108,서울,2025-08-31 02:00,26.2,,,,1.6,,84,
108,서울,2025-08-31 03:00,25.9,,,,1,,86,
108,서울,2025-08-31 04:00,25.5,,,,1.4,,87,
108,서울,2025-08-31 05:00,25.3,,,,2,,88,
108,서울,2025-08-31 06:00,25.1,,,,2.1,,89,
108,서울,2025-08-31 07:00,25.3,,,,1.4,,89,
108,서울,2025-08-31 08:00,26.5,,,,1.6,,86,
108,서울,2025-08-31 09:00,27.7,,,,2.1,,82,
108,서울,2025-08-31 10:00,29.6,,,,1.8,,75,
108,서울,2025-08-31 11:00,30.3,,,,3.3,,68,
108,서울,2025-08-31 12:00,30.7,,,,2.7,,68,
108,서울,2025-08-31 13:00,30.5,,,,2.7,,70,
108,서울,2025-08-31 14:00,30.9,,,,1.3,,71,
108,서울,2025-08-31 15:00,31.5,,,,3.5,,61,
108,서울,2025-08-31 16:00,31.1,,,,2,,65,
108,서울,2025-08-31 17:00,30.9,,,,3.7,,67,
108,서울,2025-08-31 18:00,30.4,,,,3.8,,65,
108,서울,2025-08-31 19:00,29.4,,,,2.5,,69,
108,서울,2025-08-31 20:00,29,,,,3.4,,72,
108,서울,2025-08-31 21:00,28.7,,,,3.4,,75,
108,서울,2025-08-31 22:00,28.3,,,,4.1,,76,
108,서울,2025-08-31 23:00,28,,,,2.6,,76,
108,서울,2025-09-01 00:00,27.7,,0,,1.9,,76,
108,서울,2025-09-01 01:00,27.5,,,,2.9,,77,
108,서울,2025-09-01 02:00,27.2,,0,,2.7,,78,
108,서울,2025-09-01 03:00,27.1,,,9,2.9,,79,
108,서울,2025-09-01 04:00,27,,,9,3.4,,80,
108,서울,2025-09-01 05:00,25.9,,7.6,,3,,92,
108,서울,2025-09-01 06:00,25.1,,3.6,,1.8,,93,
108,서울,2025-09-01 07:00,25.2,,2.7,,.5,,91,
108,서울,2025-09-01 08:00,25.4,,0,,2.5,,90,
108,서울,2025-09-01 09:00,26,,0,,1,,90,
108,서울,2025-09-01 10:00,26.5,,0,,3.1,,89,
108,서울,2025-09-01 11:00,26.8,,,9,2.9,,85,
108,서울,2025-09-01 12:00,27.3,,,9,3.8,,83,
108,서울,2025-09-01 13:00,28.1,,0,,4.6,,78,
108,서울,2025-09-01 14:00,27.5,,1.4,,3.5,,87,
108,서울,2025-09-01 15:00,27.6,,.3,,4.9,,83,
108,서울,2025-09-01 16:00,27.6,,0,,4.8,,82,
108,서울,2025-09-01 17:00,27.9,,,9,3.1,,82,
108,서울,2025-09-01 18:00,26.1,,4.7,,1.3,,90,
108,서울,2025-09-01 19:00,25.7,,.1,,1.4,,88,
108,서울,2025-09-01 20:00,25.5,,,9,.9,,87,
108,서울,2025-09-01 21:00,25.3,,,9,1.1,,88,
108,서울,2025-09-01 22:00,25.1,,,9,1.7,,87,
108,서울,2025-09-01 23:00,24.7,,,9,1.5,,90,
108,서울,2025-09-02 00:00,24.4,,,9,.6,,92,
108,서울,2025-09-02 01:00,24.1,,,,.9,,91,
108,서울,2025-09-02 02:00,23.8,,,,.3,,92,
108,서울,2025-09-02 03:00,23.4,,,,1,,91,
108,서울,2025-09-02 04:00,23.1,,,,1.5,,92,
108,서울,2025-09-02 05:00,22.7,,,,1.4,,92,
108,서울,2025-09-02 06:00,22.2,,,,.8,,91,
108,서울,2025-09-02 07:00,22,,,,1.2,,92,
108,서울,2025-09-02 08:00,23.1,,,,2.2,,89,
108,서울,2025-09-02 09:00,24.2,,,,2.1,,85,
108,서울,2025-09-02 10:00,24.8,,,,1.1,,81,
108,서울,2025-09-02 11:00,26.4,,,,1,,74,
108,서울,2025-09-02 12:00,27.6,,,,1.9,,69,
108,서울,2025-09-02 13:00,28.5,,,,2.3,,66,
108,서울,2025-09-02 14:00,29.1,,,,2.1,,63,
108,서울,2025-09-02 15:00,29.6,,,,2.3,,59,
108,서울,2025-09-02 16:00,30.3,,,,3.2,,58,
108,서울,2025-09-02 17:00,30.5,,,,2.4,,54,
108,서울,2025-09-02 18:00,29.7,,,,2.2,,57,
108,서울,2025-09-02 19:00,28.4,,,,1.7,,60,
108,서울,2025-09-02 20:00,27.1,,,,1.5,,64,
108,서울,2025-09-02 21:00,26.2,,,,1.3,,68,
108,서울,2025-09-02 22:00,25.6,,,,.8,,72,
108,서울,2025-09-02 23:00,25.2,,,,.9,,75,
108,서울,2025-09-03 00:00,24.7,,,,.6,,77,
108,서울,2025-09-03 01:00,24.3,,,,1.9,,81,
108,서울,2025-09-03 02:00,23.9,,,,1.7,,82,
108,서울,2025-09-03 03:00,23.6,,,,1.8,,84,
108,서울,2025-09-03 04:00,23.3,,,,1.8,,86,
108,서울,2025-09-03 05:00,23,,,,1.5,,87,
108,서울,2025-09-03 06:00,22.7,,,,2,,89,
108,서울,2025-09-03 07:00,22.8,,,,1.9,,90,
108,서울,2025-09-03 08:00,24.1,,,,2.2,,86,
108,서울,2025-09-03 09:00,25.4,,,,2.3,,79,
108,서울,2025-09-03 10:00,27.2,,,,2.6,,69,
108,서울,2025-09-03 11:00,28.4,,,,2.2,,66,
108,서울,2025-09-03 12:00,29.6,,,,2.1,,58,
108,서울,2025-09-03 13:00,30.6,,,,1.5,,53,
108,서울,2025-09-03 14:00,31.1,,,,2.2,,50,
108,서울,2025-09-03 15:00,31.9,,,,2.9,,42,
108,서울,2025-09-03 16:00,31.4,,,,2.1,,47,
108,서울,2025-09-03 17:00,31.6,,,,1.5,,53,
108,서울,2025-09-03 18:00,30.9,,,,1.5,,55,
108,서울,2025-09-03 19:00,29.8,,,,1.5,,59,
108,서울,2025-09-03 20:00,29,,,,1.9,,62,
108,서울,2025-09-03 21:00,28.7,,,,2.2,,65,
108,서울,2025-09-03 22:00,28.4,,,,1.7,,66,
108,서울,2025-09-03 23:00,28.2,,,,1.8,,66,
108,서울,2025-09-04 00:00,27.7,,,,2.2,,68,
108,서울,2025-09-04 01:00,27.5,,0,,2.3,,73,
108,서울,2025-09-04 02:00,25.6,,2.4,,2.6,,86,
108,서울,2025-09-04 03:00,24.5,,6.3,,4.1,,91,
108,서울,2025-09-04 04:00,24,,29.6,,1.5,,94,
108,서울,2025-09-04 05:00,23.6,,.3,,2.2,,93,
108,서울,2025-09-04 06:00,23,,1.2,,2.7,,93,
108,서울,2025-09-04 07:00,22.9,,1,,2,,95,
108,서울,2025-09-04 08:00,23.1,,1,,3.3,,95,
108,서울,2025-09-04 09:00,23.3,,1.3,,2.6,,96,
108,서울,2025-09-04 10:00,23.5,,.9,,3.4,,96,
108,서울,2025-09-04 11:00,24.1,,.2,,2.7,,92,
108,서울,2025-09-04 12:00,25.8,,,9,2.7,,88,
108,서울,2025-09-04 13:00,27,,,9,2.7,,79,
108,서울,2025-09-04 14:00,28.3,,,9,2.7,,74,
108,서울,2025-09-04 15:00,29.1,,,9,2.1,,70,
108,서울,2025-09-04 16:00,29.7,,,9,2.9,,67,
108,서울,2025-09-04 17:00,29.1,,,9,2.6,,68,
108,서울,2025-09-04 18:00,28.5,,,9,2.1,,68,
108,서울,2025-09-04 19:00,27.7,,,9,2.5,,71,
108,서울,2025-09-04 20:00,27,,,9,1.7,,74,
108,서울,2025-09-04 21:00,26.5,,,9,2.2,,75,
108,서울,2025-09-04 22:00,26.1,,,9,2.7,,76,
108,서울,2025-09-04 23:00,25.8,,,9,2.9,,76,
108,서울,2025-09-05 00:00,25.3,,,9,2.6,,76,
108,서울,2025-09-05 01:00,25,,,,2.9,,74,
108,서울,2025-09-05 02:00,24.5,,,,2.3,,74,
108,서울,2025-09-05 03:00,24.2,,,,2.1,,74,
108,서울,2025-09-05 04:00,23.9,,,,1.4,,73,
108,서울,2025-09-05 05:00,23.8,,,,2.4,,73,
108,서울,2025-09-05 06:00,23.6,,,,2.3,,80,
108,서울,2025-09-05 07:00,23.9,,,,2.3,,79,
108,서울,2025-09-05 08:00,24.6,,,,3.2,,73,
108,서울,2025-09-05 09:00,26.3,,,,2.7,,69,
108,서울,2025-09-05 10:00,28.2,,,,3.4,,64,
108,서울,2025-09-05 11:00,29.7,,,,2.3,,62,
108,서울,2025-09-05 12:00,30.8,,,,2.3,,59,
108,서울,2025-09-05 13:00,31.2,,,,1.7,,58,
108,서울,2025-09-05 14:00,32.5,,,,2.4,,54,
108,서울,2025-09-05 15:00,32.5,,,,2.9,,55,
108,서울,2025-09-05 16:00,32,,,,2.3,,54,
108,서울,2025-09-05 17:00,31.7,,,,2.9,,58,
108,서울,2025-09-05 18:00,30.4,,,,3.1,,65,
108,서울,2025-09-05 19:00,29.5,,,,1.9,,69,
108,서울,2025-09-05 20:00,28.6,,,,1.9,,71,
108,서울,2025-09-05 21:00,28.2,,,,1.4,,71,
108,서울,2025-09-05 22:00,27.8,,,,1.6,,73,
108,서울,2025-09-05 23:00,27.4,,,,1.5,,73,
108,서울,2025-09-06 00:00,27.1,,,,1.4,,75,
108,서울,2025-09-06 01:00,27.2,,,,2.8,,80,
108,서울,2025-09-06 02:00,27.2,,,,1.4,,79,
108,서울,2025-09-06 03:00,27.1,,,,1.3,,80,
108,서울,2025-09-06 04:00,26.8,,.6,,1.7,,85,
108,서울,2025-09-06 05:00,26.4,,.4,,1.9,,86,
108,서울,2025-09-06 06:00,26.1,,.2,,1.2,,86,
108,서울,2025-09-06 07:00,26,,2,,1.3,,88,
108,서울,2025-09-06 08:00,26.1,,.5,,2,,90,
108,서울,2025-09-06 09:00,26.2,,4.3,,1.7,,91,
108,서울,2025-09-06 10:00,26.7,,8.1,,1.3,,91,
108,서울,2025-09-06 11:00,26.5,,4,,2.7,,93,
108,서울,2025-09-06 12:00,27.9,,.3,,2.9,,89,
108,서울,2025-09-06 13:00,28.6,,0,,2.8,,84,
108,서울,2025-09-06 14:00,29.6,,,9,4.7,,77,
108,서울,2025-09-06 15:00,30,,0,,5,,72,
108,서울,2025-09-06 16:00,29.2,,0,,6.2,,75,
108,서울,2025-09-06 17:00,27.4,,8.9,,3.9,,87,
108,서울,2025-09-06 18:00,25.7,,6,,1.9,,88,
108,서울,2025-09-06 19:00,25.6,,0,,1.6,,90,
108,서울,2025-09-06 20:00,25.4,,.5,,3,,91,
108,서울,2025-09-06 21:00,25.5,,0,,2.6,,92,
108,서울,2025-09-06 22:00,25.6,,,9,2.2,,91,
108,서울,2025-09-06 23:00,25.8,,0,,3.2,,92,
108,서울,2025-09-07 00:00,25.8,,.3,,2.3,,95,
108,서울,2025-09-07 01:00,25.7,,.2,,2.8,,93,
108,서울,2025-09-07 02:00,25.7,,,9,2.7,,92,
108,서울,2025-09-07 03:00,25.5,,0,,2.5,,92,
108,서울,2025-09-07 04:00,24.9,,,9,2.3,,90,
108,서울,2025-09-07 05:00,24.7,,,9,1.6,,90,
108,서울,2025-09-07 06:00,24.5,,,9,2.3,,90,
108,서울,2025-09-07 07:00,24.4,,,9,2,,91,
108,서울,2025-09-07 08:00,24.7,,,9,1,,89,
108,서울,2025-09-07 09:00,25.2,,,9,2,,86,
108,서울,2025-09-07 10:00,26.1,,,9,2.3,,80,
108,서울,2025-09-07 11:00,26.9,,,9,2.4,,73,
108,서울,2025-09-07 12:00,27.4,,,9,2.6,,65,
108,서울,2025-09-07 13:00,28.1,,,9,2.5,,66,
108,서울,2025-09-07 14:00,27.5,,,9,3.3,,68,
108,서울,2025-09-07 15:00,27.2,,,9,2.2,,67,
108,서울,2025-09-07 16:00,26.7,,,9,2.5,,61,
108,서울,2025-09-07 17:00,26.4,,,9,1.8,,62,
108,서울,2025-09-07 18:00,26.3,,,9,2.8,,65,
108,서울,2025-09-07 19:00,25.5,,,9,1.6,,69,
108,서울,2025-09-07 20:00,24.8,,,9,2.3,,72,
108,서울,2025-09-07 21:00,24.1,,,9,.9,,74,
108,서울,2025-09-07 22:00,23.3,,,9,1.5,,79,
108,서울,2025-09-07 23:00,22.7,,,9,1,,80,
108,서울,2025-09-08 00:00,22.3,,,9,.5,,81,
108,서울,2025-09-08 01:00,22,,,,.6,,83,
108,서울,2025-09-08 02:00,21.8,,,,1.3,,82,
108,서울,2025-09-08 03:00,21.5,,,,1.2,,86,
108,서울,2025-09-08 04:00,21.4,,,,1.3,,86,
108,서울,2025-09-08 05:00,21.1,,,,1.5,,87,
108,서울,2025-09-08 06:00,20.7,,,,1.9,,89,
108,서울,2025-09-08 07:00,20.9,,,,2,,90,
108,서울,2025-09-08 08:00,21.7,,,,2.5,,89,
108,서울,2025-09-08 09:00,22.5,,,,2.2,,88,
108,서울,2025-09-08 10:00,24.4,,,,2.4,,79,
108,서울,2025-09-08 11:00,25.2,,,,2.1,,74,
108,서울,2025-09-08 12:00,26.7,,,,.8,,67,
108,서울,2025-09-08 13:00,27.9,,,,2.1,,60,
108,서울,2025-09-08 14:00,29.1,,,,1.6,,52,
108,서울,2025-09-08 15:00,29.4,,,,2.7,,50,
108,서울,2025-09-08 16:00,28.4,,,,2.5,,52,
108,서울,2025-09-08 17:00,27.4,,,,2.1,,57,
108,서울,2025-09-08 18:00,26.4,,,,1.3,,62,
108,서울,2025-09-08 19:00,25.7,,,,3,,66,
108,서울,2025-09-08 20:00,25,,,,1.4,,66,
108,서울,2025-09-08 21:00,24.6,,0,,3.2,,71,
108,서울,2025-09-08 22:00,24.2,,0,,1.1,,74,
108,서울,2025-09-08 23:00,24,,0,,1.6,,74,
108,서울,2025-09-09 00:00,23.6,,0,,2.1,,71,
108,서울,2025-09-09 01:00,23.4,,0,,1.5,,71,
108,서울,2025-09-09 02:00,23,,0,,1.5,,75,
108,서울,2025-09-09 03:00,22.8,,0,,.3,,74,
108,서울,2025-09-09 04:00,22.6,,0,,1.4,,74,
108,서울,2025-09-09 05:00,22.4,,0,,1.1,,77,
108,서울,2025-09-09 06:00,22.2,,0,,1.3,,78,
108,서울,2025-09-09 07:00,22,,,9,1.5,,79,
108,서울,2025-09-09 08:00,22.4,,,9,1.6,,79,
108,서울,2025-09-09 09:00,23.2,,,9,2,,76,
108,서울,2025-09-09 10:00,24.2,,,9,1.9,,74,
108,서울,2025-09-09 11:00,25.2,,,9,.9,,68,
108,서울,2025-09-09 12:00,25.7,,,9,2,,69,
108,서울,2025-09-09 13:00,26.3,,,9,1.4,,68,
108,서울,2025-09-09 14:00,25.7,,,9,3.1,,63,
108,서울,2025-09-09 15:00,25.6,,,9,2.4,,59,
108,서울,2025-09-09 16:00,26.5,,,9,2.9,,64,
108,서울,2025-09-09 17:00,26.8,,,9,3,,59,
108,서울,2025-09-09 18:00,25.9,,,9,1.5,,64,
108,서울,2025-09-09 19:00,24.8,,,9,1.9,,68,
108,서울,2025-09-09 20:00,23.9,,,9,1.6,,72,
108,서울,2025-09-09 21:00,23.1,,,9,1.7,,74,
108,서울,2025-09-09 22:00,22.5,,,9,1.4,,76,
108,서울,2025-09-09 23:00,21.9,,,9,1.8,,79,
108,서울,2025-09-10 00:00,21.4,,,9,1.5,,81,
108,서울,2025-09-10 01:00,20.8,,,,2,,83,
108,서울,2025-09-10 02:00,20.5,,,,.9,,86,
108,서울,2025-09-10 03:00,20.2,,,,.8,,86,
108,서울,2025-09-10 04:00,19.8,,,,1.3,,86,
108,서울,2025-09-10 05:00,19.1,,,,2.2,,89,
108,서울,2025-09-10 06:00,18.7,,,,2,,89,
108,서울,2025-09-10 07:00,18.5,,,,2.2,,91,
108,서울,2025-09-10 08:00,20,,,,2,,86,
108,서울,2025-09-10 09:00,22.4,,,,1.6,,77,
108,서울,2025-09-10 10:00,24.2,,,,1.5,,66,
108,서울,2025-09-10 11:00,26.6,,,,2.3,,53,
108,서울,2025-09-10 12:00,27.9,,,,2.5,,42,
108,서울,2025-09-10 13:00,29.2,,,,3.2,,35,
108,서울,2025-09-10 14:00,30.3,,,,2.8,,33,
108,서울,2025-09-10 15:00,30.9,,,,2.6,,31,
108,서울,2025-09-10 16:00,31.2,,,,2.4,,31,
108,서울,2025-09-10 17:00,31.2,,,,1.1,,32,
108,서울,2025-09-10 18:00,29.9,,,,3.4,,43,
108,서울,2025-09-10 19:00,28,,,,2.5,,48,
108,서울,2025-09-10 20:00,26.6,,,,.9,,54,
108,서울,2025-09-10 21:00,25.5,,,,.7,,56,
108,서울,2025-09-10 22:00,24.6,,,,.3,,59,
108,서울,2025-09-10 23:00,24,,,,.3,,62,
108,서울,2025-09-11 00:00,23,,,,2,,65,
108,서울,2025-09-11 01:00,22.1,,,,2.6,,71,
108,서울,2025-09-11 02:00,21.8,,,,1.7,,73,
108,서울,2025-09-11 03:00,21.4,,,,1.6,,76,
108,서울,2025-09-11 04:00,20.8,,,,1.6,,77,
108,서울,2025-09-11 05:00,20.2,,,,1.7,,78,
108,서울,2025-09-11 06:00,19.9,,,,2.1,,82,
108,서울,2025-09-11 07:00,20.1,,,,2.2,,82,
108,서울,2025-09-11 08:00,22,,,,3.1,,73,
108,서울,2025-09-11 09:00,23.6,,,,3.1,,62,
108,서울,2025-09-11 10:00,25.7,,,,3,,50,
108,서울,2025-09-11 11:00,27.4,,,,2.9,,43,
108,서울,2025-09-11 12:00,28.5,,,,3.3,,41,
108,서울,2025-09-11 13:00,29.5,,,,3.5,,41,
108,서울,2025-09-11 14:00,30.6,,,,3.4,,41,
108,서울,2025-09-11 15:00,31.2,,,,3.2,,39,
108,서울,2025-09-11 16:00,31.6,,,,3.1,,37,
108,서울,2025-09-11 17:00,31.2,,,,2.3,,38,
108,서울,2025-09-11 18:00,30,,,,2.5,,45,
108,서울,2025-09-11 19:00,28.4,,,,2,,50,
108,서울,2025-09-11 20:00,27.5,,,,1.8,,53,
108,서울,2025-09-11 21:00,26.8,,,,3.1,,56,
108,서울,2025-09-11 22:00,26.2,,,,2.6,,56,
108,서울,2025-09-11 23:00,25.5,,,,3.2,,58,
108,서울,2025-09-12 00:00,25,,,,3.7,,60,
108,서울,2025-09-12 01:00,24.3,,,,3,,60,
108,서울,2025-09-12 02:00,24,,,,2.9,,59,
108,서울,2025-09-12 03:00,23.6,,,,2.5,,63,
108,서울,2025-09-12 04:00,23.3,,,,2.4,,62,
108,서울,2025-09-12 05:00,23.1,,,,1.8,,63,
108,서울,2025-09-12 06:00,23.1,,,,2.4,,62,
108,서울,2025-09-12 07:00,22.9,,,,2.8,,63,
108,서울,2025-09-12 08:00,23.3,,,,3.6,,59,
108,서울,2025-09-12 09:00,23.9,,,,3.7,,59,
108,서울,2025-09-12 10:00,25.1,,,,3.5,,56,
108,서울,2025-09-12 11:00,25.7,,,,2.6,,56,
108,서울,2025-09-12 12:00,25.8,,,,2.3,,56,
108,서울,2025-09-12 13:00,26.1,,,,2,,57,
108,서울,2025-09-12 14:00,26.2,,,,2.5,,57,
108,서울,2025-09-12 15:00,26.3,,,,2.5,,59,
108,서울,2025-09-12 16:00,26,,,,3.1,,60,
108,서울,2025-09-12 17:00,25.6,,0,,2,,65,
108,서울,2025-09-12 18:00,24.9,,0,,3.9,,68,
108,서울,2025-09-12 19:00,24,,.4,,2.1,,77,
108,서울,2025-09-12 20:00,23,,.9,,2.1,,85,
108,서울,2025-09-12 21:00,22.5,,1.5,,2.1,,89,
108,서울,2025-09-12 22:00,21.9,,.9,,4.1,,90,
108,서울,2025-09-12 23:00,21.4,,1.1,,3.2,,93,
108,서울,2025-09-13 00:00,21.1,,2,,3.1,,94,
108,서울,2025-09-13 01:00,20.8,,7.4,,3,,95,
108,서울,2025-09-13 02:00,20.5,,20.6,,3.4,,97,
108,서울,2025-09-13 03:00,20.4,,16,,3.3,,98,
108,서울,2025-09-13 04:00,20.5,,17.6,,2.6,,98,
108,서울,2025-09-13 05:00,20.6,,.6,,3.3,,95,
108,서울,2025-09-13 06:00,20.6,,0,,3,,96,
108,서울,2025-09-13 07:00,20.8,,0,,2.3,,95,
108,서울,2025-09-13 08:00,21.1,,1.4,,.5,,95,
108,서울,2025-09-13 09:00,21.8,,.1,,1.2,,94,
108,서울,2025-09-13 10:00,22.7,,0,,2.2,,90,
108,서울,2025-09-13 11:00,23.7,,,9,1.7,,85,
108,서울,2025-09-13 12:00,24.7,,,9,2.4,,80,
108,서울,2025-09-13 13:00,26.1,,,9,1.7,,68,
108,서울,2025-09-13 14:00,26.5,,,9,1.8,,65,
108,서울,2025-09-13 15:00,26.6,,,9,1.7,,64,
108,서울,2025-09-13 16:00,27.4,,,9,1.4,,61,
108,서울,2025-09-13 17:00,26.5,,,9,.7,,62,
108,서울,2025-09-13 18:00,25.7,,,9,2,,65,
108,서울,2025-09-13 19:00,25.1,,,9,1.4,,68,
108,서울,2025-09-13 20:00,24.4,,,9,1.9,,70,
108,서울,2025-09-13 21:00,23.8,,,9,1.7,,75,
108,서울,2025-09-13 22:00,23.3,,,9,1.9,,76,
108,서울,2025-09-13 23:00,22.9,,,9,2,,77,
108,서울,2025-09-14 00:00,22.5,,,9,1,,76,
108,서울,2025-09-14 01:00,22,,,,1.8,,79,
108,서울,2025-09-14 02:00,21.7,,,,1.8,,80,
108,서울,2025-09-14 03:00,21.7,,,,1,,82,
108,서울,2025-09-14 04:00,21.8,,,,1.5,,80,
108,서울,2025-09-14 05:00,21.7,,,,1.6,,81,
108,서울,2025-09-14 06:00,21.6,,,,1.6,,82,
108,서울,2025-09-14 07:00,21.5,,,,1.5,,82,
108,서울,2025-09-14 08:00,22.1,,,,1.7,,81,
108,서울,2025-09-14 09:00,23.2,,,,1.2,,78,
108,서울,2025-09-14 10:00,24.2,,,,.4,,76,
108,서울,2025-09-14 11:00,25.4,,,,1,,72,
108,서울,2025-09-14 12:00,27,,,,2.1,,63,
108,서울,2025-09-14 13:00,27.3,,,,1.6,,63,
108,서울,2025-09-14 14:00,27.8,,,,1.7,,59,
108,서울,2025-09-14 15:00,28.5,,,,1.4,,56,
108,서울,2025-09-14 16:00,29.2,,,,1.9,,52,
108,서울,2025-09-14 17:00,29.1,,,,1.7,,55,
108,서울,2025-09-14 18:00,28.2,,,,1.9,,60,
108,서울,2025-09-14 19:00,26.7,,,,1.9,,64,
108,서울,2025-09-14 20:00,25.8,,,,2.3,,67,
108,서울,2025-09-14 21:00,25,,,,2,,73,
108,서울,2025-09-14 22:00,24.2,,,,1.5,,75,
108,서울,2025-09-14 23:00,23.7,,,,1.7,,79,
108,서울,2025-09-15 00:00,23.3,,,,1.7,,82,
108,서울,2025-09-15 01:00,23.1,,,,.9,,84,
108,서울,2025-09-15 02:00,22.7,,,,1.2,,86,
108,서울,2025-09-15 03:00,22.4,,,,.9,,86,
108,서울,2025-09-15 04:00,21.8,,,,1.6,,86,
108,서울,2025-09-15 05:00,21.2,,,,2,,88,
108,서울,2025-09-15 06:00,20.9,,,,1.5,,88,
108,서울,2025-09-15 07:00,20.9,,,,1.7,,90,
108,서울,2025-09-15 08:00,22.4,,,,1.9,,88,
108,서울,2025-09-15 09:00,24.3,,,,1.4,,80,
108,서울,2025-09-15 10:00,25.8,,,,1.3,,74,
108,서울,2025-09-15 11:00,27.1,,,,2.5,,66,
108,서울,2025-09-15 12:00,28.3,,,,1,,60,
108,서울,2025-09-15 13:00,29,,,,1.6,,58,
108,서울,2025-09-15 14:00,29.7,,,,2.1,,56,
108,서울,2025-09-15 15:00,30.3,,,,2.9,,54,
108,서울,2025-09-15 16:00,30.4,,,,1.4,,54,
108,서울,2025-09-15 17:00,30.2,,,,1.1,,52,
108,서울,2025-09-15 18:00,29.3,,,,.9,,51,
108,서울,2025-09-15 19:00,28,,,,1.1,,62,
108,서울,2025-09-15 20:00,26.8,,,,1.5,,72,
108,서울,2025-09-15 21:00,26.1,,,,1.2,,75,
108,서울,2025-09-15 22:00,25.4,,,,.5,,76,
108,서울,2025-09-15 23:00,24.6,,,,1.4,,79,
108,서울,2025-09-16 00:00,24,,,,1.3,,79,
108,서울,2025-09-16 01:00,23.5,,,,.7,,80,
108,서울,2025-09-16 02:00,23.1,,,,1.7,,83,
108,서울,2025-09-16 03:00,22.8,,,,1,,85,
108,서울,2025-09-16 04:00,22.4,,,,1.4,,85,
108,서울,2025-09-16 05:00,22.2,,,,2,,87,
108,서울,2025-09-16 06:00,22.3,,,,1.8,,87,
108,서울,2025-09-16 07:00,22.5,,,,1.6,,86,
108,서울,2025-09-16 08:00,23.2,,,,1.5,,84,
108,서울,2025-09-16 09:00,24.7,,,,1.6,,80,
108,서울,2025-09-16 10:00,25.2,,,,1.5,,81,
108,서울,2025-09-16 11:00,26.2,,0,,2.2,,79,
108,서울,2025-09-16 12:00,26.4,,0,,1.1,,78,
108,서울,2025-09-16 13:00,26.7,,,9,1.4,,78,
108,서울,2025-09-16 14:00,24.3,,9.8,,5.5,,86,
108,서울,2025-09-16 15:00,22.5,,6,,2,,94,
108,서울,2025-09-16 16:00,23.3,,.8,,2,,93,
108,서울,2025-09-16 17:00,24.1,,0,,1.6,,90,
108,서울,2025-09-16 18:00,23.9,,,9,1.3,,88,
108,서울,2025-09-16 19:00,23.8,,.7,,.7,,91,
108,서울,2025-09-16 20:00,23.7,,.2,,1,,91,
108,서울,2025-09-16 21:00,23.6,,,9,.6,,90,
108,서울,2025-09-16 22:00,23.5,,,9,1.5,,91,
108,서울,2025-09-16 23:00,23.2,,,9,1.4,,91,
108,서울,2025-09-17 00:00,23.3,,,9,1.7,,92,
108,서울,2025-09-17 01:00,23.1,,,,1,,92,
108,서울,2025-09-17 02:00,23.2,,,,1.1,,93,
108,서울,2025-09-17 03:00,23.4,,,,.9,,94,
108,서울,2025-09-17 04:00,23.5,,,,.7,,93,
108,서울,2025-09-17 05:00,23.5,,,,1.3,,93,
108,서울,2025-09-17 06:00,23.5,,,,1.6,,93,
108,서울,2025-09-17 07:00,23.5,,.1,,1.5,,93,
108,서울,2025-09-17 08:00,23.7,,0,,1.2,,95,
108,서울,2025-09-17 09:00,23.9,,1.4,,1.7,,93,
108,서울,2025-09-17 10:00,23.8,,2.3,,1.9,,95,
108,서울,2025-09-17 11:00,22.4,,35.2,,3.5,,95,
108,서울,2025-09-17 12:00,22.1,,11.1,,3.6,,97,
108,서울,2025-09-17 13:00,23.2,,.2,,1.3,,92,
108,서울,2025-09-17 14:00,22.3,,0,,4.5,,91,
108,서울,2025-09-17 15:00,22.8,,0,,.8,,93,
108,서울,2025-09-17 16:00,22.5,,2.4,,3.5,,93,
108,서울,2025-09-17 17:00,22.4,,0,,2.7,,90,
108,서울,2025-09-17 18:00,22.5,,,9,1.8,,87,
108,서울,2025-09-17 19:00,22.1,,,9,2.2,,88,
108,서울,2025-09-17 20:00,21.9,,,9,1.3,,87,
108,서울,2025-09-17 21:00,21.9,,,9,1.4,,89,
108,서울,2025-09-17 22:00,21.7,,,9,.4,,88,
108,서울,2025-09-17 23:00,21.5,,,9,.9,,90,
108,서울,2025-09-18 00:00,21.2,,,9,1.7,,90,
108,서울,2025-09-18 01:00,20.8,,,,1.2,,92,
108,서울,2025-09-18 02:00,20.6,,,,1,,91,
108,서울,2025-09-18 03:00,20.4,,,,1.5,,92,
108,서울,2025-09-18 04:00,20.1,,,,.2,,92,
108,서울,2025-09-18 05:00,19.9,,,,1.7,,92,
108,서울,2025-09-18 06:00,19.7,,,,1.6,,93,
108,서울,2025-09-18 07:00,19.6,,,,.8,,92,
108,서울,2025-09-18 08:00,20.2,,,,2,,90,
108,서울,2025-09-18 09:00,20.8,,,,2.3,,89,
108,서울,2025-09-18 10:00,21.7,,,,2.7,,81,
108,서울,2025-09-18 11:00,22.5,,,,3.5,,76,
108,서울,2025-09-18 12:00,24.4,,,,4,,67,
108,서울,2025-09-18 13:00,25.2,,,,3.4,,62,
108,서울,2025-09-18 14:00,25.6,,,,3.4,,59,
108,서울,2025-09-18 15:00,25.8,,,,3.2,,59,
108,서울,2025-09-18 16:00,25.6,,,,3.2,,57,
108,서울,2025-09-18 17:00,25.2,,,,3.4,,58,
108,서울,2025-09-18 18:00,24.3,,,,3.1,,61,
108,서울,2025-09-18 19:00,23.1,,,,3.8,,63,
108,서울,2025-09-18 20:00,22,,,,3.9,,65,
108,서울,2025-09-18 21:00,21.3,,,,4,,66,
108,서울,2025-09-18 22:00,20.7,,,,3.4,,67,
108,서울,2025-09-18 23:00,20.4,,,,3,,66,
108,서울,2025-09-19 00:00,20,,,,3.4,,68,
108,서울,2025-09-19 01:00,19.7,,,,2.7,,67,
108,서울,2025-09-19 02:00,19.5,,,,3.4,,68,
108,서울,2025-09-19 03:00,19.3,,,,2.6,,68,
108,서울,2025-09-19 04:00,19.2,,,,3,,71,
108,서울,2025-09-19 05:00,19.1,,,,3.1,,71,
108,서울,2025-09-19 06:00,19.1,,,,2.6,,73,
108,서울,2025-09-19 07:00,19.2,,,,3.5,,73,
108,서울,2025-09-19 08:00,19.5,,,,3.2,,74,
108,서울,2025-09-19 09:00,19.9,,0,,3.3,,73,
108,서울,2025-09-19 10:00,20.4,,0,,3.6,,73,
108,서울,2025-09-19 11:00,20.8,,0,,3.1,,72,
108,서울,2025-09-19 12:00,21.4,,0,,2.1,,75,
108,서울,2025-09-19 13:00,20.8,,.4,,3,,79,
108,서울,2025-09-19 14:00,20.6,,.2,,2.8,,81,
108,서울,2025-09-19 15:00,20.3,,.5,,2.9,,85,
108,서울,2025-09-19 16:00,20.1,,.7,,3,,86,
108,서울,2025-09-19 17:00,19.6,,1.1,,3.2,,91,
108,서울,2025-09-19 18:00,19,,1.2,,3.1,,91,
108,서울,2025-09-19 19:00,18.7,,.9,,2.5,,93,
108,서울,2025-09-19 20:00,18.5,,.5,,1.8,,93,
108,서울,2025-09-19 21:00,18.6,,.2,,2.4,,95,
108,서울,2025-09-19 22:00,18.5,,1.9,,2.9,,95,
108,서울,2025-09-19 23:00,18.1,,1.6,,3.4,,95,
108,서울,2025-09-20 00:00,17.9,,4.6,,2.4,,96,
108,서울,2025-09-20 01:00,17.7,,5.6,,2.9,,97,
108,서울,2025-09-20 02:00,17.7,,7.9,,3,,98,
108,서울,2025-09-20 03:00,17.6,,11.4,,3.2,,98,
108,서울,2025-09-20 04:00,17.5,,6.9,,3.2,,98,
108,서울,2025-09-20 05:00,17.5,,1.8,,2.3,,97,
108,서울,2025-09-20 06:00,17.6,,1.6,,1.6,,97,
108,서울,2025-09-20 07:00,17.7,,.1,,.7,,95,
108,서울,2025-09-20 08:00,18,,0,,1.2,,95,
108,서울,2025-09-20 09:00,18.6,,0,,1.3,,94,
108,서울,2025-09-20 10:00,19,,,9,.5,,91,
108,서울,2025-09-20 11:00,19.9,,,9,1.4,,89,
108,서울,2025-09-20 12:00,20.6,,,9,.9,,84,
108,서울,2025-09-20 13:00,21.4,,,9,1.7,,81,
108,서울,2025-09-20 14:00,22.5,,,9,1.4,,74,
108,서울,2025-09-20 15:00,23.4,,,9,1.7,,71,
108,서울,2025-09-20 16:00,23,,,9,1.7,,70,
108,서울,2025-09-20 17:00,23.3,,,9,2.1,,68,
108,서울,2025-09-20 18:00,22.5,,0,,1.9,,75,
108,서울,2025-09-20 19:00,21.6,,0,,.9,,79,
108,서울,2025-09-20 20:00,21.1,,,9,.8,,81,
108,서울,2025-09-20 21:00,20.5,,,9,2.3,,82,
108,서울,2025-09-20 22:00,20,,,9,1.6,,81,
108,서울,2025-09-20 23:00,19.7,,,9,1.8,,82,
108,서울,2025-09-21 00:00,19.5,,,9,1.6,,82,
108,서울,2025-09-21 01:00,19.1,,,,2.3,,80,
108,서울,2025-09-21 02:00,18.5,,,,1.2,,82,
108,서울,2025-09-21 03:00,18.1,,,,.8,,86,
108,서울,2025-09-21 04:00,17.7,,,,1.1,,87,
108,서울,2025-09-21 05:00,17.4,,,,.8,,85,
108,서울,2025-09-21 06:00,17.2,,,,1.2,,85,
108,서울,2025-09-21 07:00,17.6,,,,1.4,,83,
108,서울,2025-09-21 08:00,19.1,,,,1.7,,78,
108,서울,2025-09-21 09:00,20.8,,,,2.7,,70,
108,서울,2025-09-21 10:00,22.1,,,,2.6,,65,
108,서울,2025-09-21 11:00,23.4,,,,3.6,,61,
108,서울,2025-09-21 12:00,24.6,,,,3,,59,
108,서울,2025-09-21 13:00,25.5,,,,1.7,,57,
108,서울,2025-09-21 14:00,26.5,,,,2.5,,54,
108,서울,2025-09-21 15:00,26.9,,,,2.9,,50,
108,서울,2025-09-21 16:00,27.1,,,,2.3,,50,
108,서울,2025-09-21 17:00,26.5,,,,2.6,,51,
108,서울,2025-09-21 18:00,24.8,,,,2.2,,56,
108,서울,2025-09-21 19:00,23.3,,,,1.8,,60,
108,서울,2025-09-21 20:00,22,,,,1.9,,63,
108,서울,2025-09-21 21:00,21.1,,,,2.5,,65,
108,서울,2025-09-21 22:00,20.7,,,,2.5,,63,
108,서울,2025-09-21 23:00,19.9,,,,2.4,,65,
108,서울,2025-09-22 00:00,19.4,,,,2.6,,65,
108,서울,2025-09-22 01:00,19.1,,,,2,,61,
108,서울,2025-09-22 02:00,18.6,,,,1.6,,62,
108,서울,2025-09-22 03:00,18.3,,,,2,,62,
108,서울,2025-09-22 04:00,18.1,,,,2,,64,
108,서울,2025-09-22 05:00,18,,,,3,,63,
108,서울,2025-09-22 06:00,17.9,,,,4,,64,
108,서울,2025-09-22 07:00,17.6,,,,2.9,,66,
108,서울,2025-09-22 08:00,18.1,,,,2.8,,64,
108,서울,2025-09-22 09:00,19.3,,,,1.6,,59,
108,서울,2025-09-22 10:00,21.4,,,,2.7,,55,
108,서울,2025-09-22 11:00,23,,,,3,,49,
108,서울,2025-09-22 12:00,24.3,,,,2.8,,47,
108,서울,2025-09-22 13:00,24.6,,,,2.2,,47,
108,서울,2025-09-22 14:00,24.9,,,,2,,47,
108,서울,2025-09-22 15:00,24.4,,,,2.8,,51,
108,서울,2025-09-22 16:00,24.6,,,,3.6,,51,
108,서울,2025-09-22 17:00,24.5,,,,2.6,,52,
108,서울,2025-09-22 18:00,24,,,,1.6,,54,
108,서울,2025-09-22 19:00,22.6,,,,2.6,,63,
108,서울,2025-09-22 20:00,21.9,,,,1.8,,66,
108,서울,2025-09-22 21:00,21.4,,,,2.5,,68,
108,서울,2025-09-22 22:00,21.1,,,,1.8,,69,
108,서울,2025-09-22 23:00,21,,,,2.1,,71,
108,서울,2025-09-23 00:00,20.7,,,,2.3,,73,
108,서울,2025-09-23 01:00,20.5,,,,2.3,,70,
108,서울,2025-09-23 02:00,20.3,,,,2.2,,73,
108,서울,2025-09-23 03:00,20.1,,,,2.3,,75,
108,서울,2025-09-23 04:00,19.9,,,,2,,71,
108,서울,2025-09-23 05:00,19.6,,,,2.6,,69,
108,서울,2025-09-23 06:00,19.3,,,,2.6,,68,
108,서울,2025-09-23 07:00,19.2,,,,2.2,,69,
108,서울,2025-09-23 08:00,19.7,,,,1.8,,69,
108,서울,2025-09-23 09:00,20.8,,,,2.1,,64,
108,서울,2025-09-23 10:00,22.3,,,,3,,57,
108,서울,2025-09-23 11:00,23.4,,,,1.9,,52,
108,서울,2025-09-23 12:00,24.8,,,,3.4,,41,
108,서울,2025-09-23 13:00,25.7,,,,3.5,,37,
108,서울,2025-09-23 14:00,25.8,,,,2.8,,40,
108,서울,2025-09-23 15:00,26.2,,,,3.3,,41,
108,서울,2025-09-23 16:00,26.4,,,,1.8,,40,
108,서울,2025-09-23 17:00,25.4,,,,2.7,,43,
108,서울,2025-09-23 18:00,24.8,,,,1.8,,45,
108,서울,2025-09-23 19:00,24.4,,,,1.8,,47,
108,서울,2025-09-23 20:00,23.6,,0,,2.5,,52,
108,서울,2025-09-23 21:00,23.3,,,9,2.6,,58,
108,서울,2025-09-23 22:00,23.2,,0,,3,,58,
108,서울,2025-09-23 23:00,22.9,,0,,2.9,,59,
108,서울,2025-09-24 00:00,22.4,,,9,2.5,,60,
108,서울,2025-09-24 01:00,21.8,,,,2.4,,62,
108,서울,2025-09-24 02:00,21.5,,,,2.3,,61,
108,서울,2025-09-24 03:00,21.1,,,,2.2,,63,
108,서울,2025-09-24 04:00,20.4,,,,2.6,,68,
108,서울,2025-09-24 05:00,20.6,,,,2.9,,69,
108,서울,2025-09-24 06:00,20.4,,,,3.3,,68,
108,서울,2025-09-24 07:00,20.6,,,,2.2,,70,
108,서울,2025-09-24 08:00,21.4,,,,2,,71,
108,서울,2025-09-24 09:00,22.6,,,,3.5,,70,
108,서울,2025-09-24 10:00,23.1,,,,3.2,,70,
108,서울,2025-09-24 11:00,23.4,,,,2.1,,71,
108,서울,2025-09-24 12:00,23.5,,.6,,1.3,,79,
108,서울,2025-09-24 13:00,22.9,,.8,,1.7,,83,
108,서울,2025-09-24 14:00,22.1,,22.9,,.9,,93,
108,서울,2025-09-24 15:00,22.4,,3,,1.5,,93,
108,서울,2025-09-24 16:00,22.7,,1.6,,1.2,,95,
108,서울,2025-09-24 17:00,22.9,,1.5,,1.5,,94,
108,서울,2025-09-24 18:00,22.8,,.4,,2.3,,93,
108,서울,2025-09-24 19:00,22.7,,1.4,,2.6,,95,
108,서울,2025-09-24 20:00,21.8,,1.4,,3.4,,94,
108,서울,2025-09-24 21:00,21.4,,1.5,,1.9,,94,
108,서울,2025-09-24 22:00,21.5,,.1,,1.9,,95,
108,서울,2025-09-24 23:00,21.6,,0,,1.9,,95,
108,서울,2025-09-25 00:00,21.6,,0,,.2,,94,
108,서울,2025-09-25 01:00,21.5,,.3,,1.1,,95,
108,서울,2025-09-25 02:00,21.3,,0,,.9,,93,
108,서울,2025-09-25 03:00,21.3,,,9,.2,,92,
108,서울,2025-09-25 04:00,21.2,,0,,2.1,,93,
108,서울,2025-09-25 05:00,20.8,,,9,1.4,,91,
108,서울,2025-09-25 06:00,20.7,,,9,.5,,90,
108,서울,2025-09-25 07:00,20.7,,,9,.8,,91,
108,서울,2025-09-25 08:00,20.9,,,9,1.2,,91,
108,서울,2025-09-25 09:00,21.5,,,9,1,,90,
108,서울,2025-09-25 10:00,22.5,,,9,1.2,,85,
108,서울,2025-09-25 11:00,23.1,,,9,1.2,,81,
108,서울,2025-09-25 12:00,23.8,,,9,1.8,,77,
108,서울,2025-09-25 13:00,24.7,,,9,2,,74,
108,서울,2025-09-25 14:00,25,,,9,1.9,,67,
108,서울,2025-09-25 15:00,25.7,,,9,2.1,,61,
108,서울,2025-09-25 16:00,26,,,9,2.2,,59,
108,서울,2025-09-25 17:00,25.5,,,9,1.4,,56,
108,서울,2025-09-25 18:00,24.9,,,9,1.3,,61,
108,서울,2025-09-25 19:00,23.5,,,9,.9,,70,
108,서울,2025-09-25 20:00,22.5,,,9,2,,78,
108,서울,2025-09-25 21:00,21.8,,,9,.8,,80,
108,서울,2025-09-25 22:00,21.2,,,9,1.6,,84,
108,서울,2025-09-25 23:00,20.7,,,9,1.2,,86,
108,서울,2025-09-26 00:00,20.2,,,9,2.2,,89,
108,서울,2025-09-26 01:00,19.9,,,,.9,,89,
108,서울,2025-09-26 02:00,19.6,,,,.9,,92,
108,서울,2025-09-26 03:00,19.1,,,,.6,,93,
108,서울,2025-09-26 04:00,18.7,,,,1.2,,92,
108,서울,2025-09-26 05:00,18.4,,,,1.2,,92,
108,서울,2025-09-26 06:00,17.9,,,,1.2,,94,
108,서울,2025-09-26 07:00,17.8,,,,.8,,94,
108,서울,2025-09-26 08:00,18.4,,,,.6,,95,
108,서울,2025-09-26 09:00,19.3,,,,1.9,,92,
108,서울,2025-09-26 10:00,20,,,,2.2,,86,
108,서울,2025-09-26 11:00,21.5,,,,2.4,,81,
108,서울,2025-09-26 12:00,22.9,,,,2.1,,73,
108,서울,2025-09-26 13:00,24.4,,,,1.5,,68,
108,서울,2025-09-26 14:00,25.4,,,,1.3,,61,
108,서울,2025-09-26 15:00,26.7,,,,1.1,,58,
108,서울,2025-09-26 16:00,26.8,,,,1.6,,57,
108,서울,2025-09-26 17:00,26.4,,,,2.1,,60,
108,서울,2025-09-26 18:00,24.8,,,,1.8,,63,
108,서울,2025-09-26 19:00,23.5,,,,1.8,,67,
108,서울,2025-09-26 20:00,22.8,,,,.6,,70,
108,서울,2025-09-26 21:00,22.2,,,,.6,,72,
108,서울,2025-09-26 22:00,21.5,,,,.4,,77,
108,서울,2025-09-26 23:00,20.8,,,,.3,,79,
108,서울,2025-09-27 00:00,20.3,,,,1,,80,
108,서울,2025-09-27 01:00,19.7,,,,1.3,,81,
108,서울,2025-09-27 02:00,19.2,,,,1.4,,85,
108,서울,2025-09-27 03:00,18.6,,,,1.8,,86,
108,서울,2025-09-27 04:00,18.2,,,,1.7,,88,
108,서울,2025-09-27 05:00,18,,,,1.6,,88,
108,서울,2025-09-27 06:00,17.7,,,,2.1,,90,
108,서울,2025-09-27 07:00,17.8,,,,2.3,,92,
108,서울,2025-09-27 08:00,18.9,,,,2.4,,88,
108,서울,2025-09-27 09:00,21.2,,,,2.4,,76,
108,서울,2025-09-27 10:00,23,,,,2.7,,67,
108,서울,2025-09-27 11:00,25,,,,1.9,,64,
108,서울,2025-09-27 12:00,26.1,,,,3.1,,56,
108,서울,2025-09-27 13:00,26.7,,,,1.5,,57,
108,서울,2025-09-27 14:00,26.7,,,,1.8,,55,
108,서울,2025-09-27 15:00,26.8,,,,2,,56,
108,서울,2025-09-27 16:00,26.4,,,,1.7,,59,
108,서울,2025-09-27 17:00,26.2,,,,2.3,,58,
108,서울,2025-09-27 18:00,25.5,,,,2.1,,61,
108,서울,2025-09-27 19:00,24.3,,,,1.5,,64,
108,서울,2025-09-27 20:00,23.1,,,,1.8,,67,
108,서울,2025-09-27 21:00,22.4,,,,1.6,,71,
108,서울,2025-09-27 22:00,21.9,,,,1.3,,72,
108,서울,2025-09-27 23:00,21.6,,,,.9,,73,
108,서울,2025-09-28 00:00,21.6,,,,1.4,,73,
108,서울,2025-09-28 01:00,21.5,,,,.9,,75,
108,서울,2025-09-28 02:00,21.5,,,,1.3,,76,
108,서울,2025-09-28 03:00,21.4,,,,1.3,,78,
108,서울,2025-09-28 04:00,21.3,,,,1.1,,82,
108,서울,2025-09-28 05:00,21.1,,.7,,1.8,,90,
108,서울,2025-09-28 06:00,20.3,,1.2,,1.4,,93,
108,서울,2025-09-28 07:00,20.1,,4.6,,2.3,,93,
108,서울,2025-09-28 08:00,19.1,,9.8,,.8,,93,
108,서울,2025-09-28 09:00,19.2,,6.8,,1,,95,
108,서울,2025-09-28 10:00,18.4,,13,,3.5,,95,
108,서울,2025-09-28 11:00,18.7,,6.7,,1.3,,95,
108,서울,2025-09-28 12:00,19,,1.7,,1.1,,94,
108,서울,2025-09-28 13:00,19.6,,0,,1.7,,91,
108,서울,2025-09-28 14:00,21.4,,,9,.5,,88,
108,서울,2025-09-28 15:00,21.1,,,9,2.4,,79,
108,서울,2025-09-28 16:00,21.2,,,9,1.7,,78,
108,서울,2025-09-28 17:00,20.9,,,9,1.9,,81,
108,서울,2025-09-28 18:00,20.6,,,9,.8,,80,
108,서울,2025-09-28 19:00,20.2,,,9,2.3,,80,
108,서울,2025-09-28 20:00,19.8,,,9,.7,,80,
108,서울,2025-09-28 21:00,19.7,,,9,1.2,,83,
108,서울,2025-09-28 22:00,19.6,,,9,1.3,,83,
108,서울,2025-09-28 23:00,19.4,,,9,1.5,,83,
108,서울,2025-09-29 00:00,18.9,,,9,2.8,,83,
108,서울,2025-09-29 01:00,18.4,,,,2.9,,86,
108,서울,2025-09-29 02:00,18,,,,1.3,,87,
108,서울,2025-09-29 03:00,17.6,,,,2.1,,90,
108,서울,2025-09-29 04:00,17.3,,,,2.3,,90,
108,서울,2025-09-29 05:00,17,,,,.2,,90,
108,서울,2025-09-29 06:00,16.7,,,,1.6,,91,
108,서울,2025-09-29 07:00,16.6,,,,1.1,,92,
108,서울,2025-09-29 08:00,17.2,,,,1.8,,91,
108,서울,2025-09-29 09:00,17.7,,,,.9,,87,
108,서울,2025-09-29 10:00,20,,,,2,,79,
108,서울,2025-09-29 11:00,20.9,,,,2.1,,71,
108,서울,2025-09-29 12:00,20.9,,,,2.4,,72,
108,서울,2025-09-29 13:00,22.2,,,,1.6,,68,
108,서울,2025-09-29 14:00,22.9,,,,2.2,,61,
108,서울,2025-09-29 15:00,23.7,,,,2.3,,57,
108,서울,2025-09-29 16:00,23.4,,,,1.5,,59,
108,서울,2025-09-29 17:00,23.8,,,,.7,,57,
108,서울,2025-09-29 18:00,22.5,,,,2.5,,64,
108,서울,2025-09-29 19:00,20.9,,,,2.1,,71,
108,서울,2025-09-29 20:00,20.3,,,,1,,73,
108,서울,2025-09-29 21:00,19.7,,,,.7,,77,
108,서울,2025-09-29 22:00,19.1,,,,.8,,81,
108,서울,2025-09-29 23:00,18.5,,,,1.3,,82,
108,서울,2025-09-30 00:00,18.2,,,,.9,,84,
108,서울,2025-09-30 01:00,17.9,,,,.9,,85,
108,서울,2025-09-30 02:00,17.7,,,,.9,,87,
108,서울,2025-09-30 03:00,17.7,,,,.4,,89,
108,서울,2025-09-30 04:00,17.7,,,,1.9,,89,
108,서울,2025-09-30 05:00,17.7,,,,1.4,,90,
108,서울,2025-09-30 06:00,17.5,,,,1.9,,90,
108,서울,2025-09-30 07:00,17.3,,,,1.2,,91,
108,서울,2025-09-30 08:00,17.7,,,,1.2,,91,
108,서울,2025-09-30 09:00,18.6,,,,1.4,,89,
108,서울,2025-09-30 10:00,19.3,,,,1.6,,86,
108,서울,2025-09-30 11:00,19.9,,,,1.2,,83,
108,서울,2025-09-30 12:00,20.8,,,,1.8,,80,
108,서울,2025-09-30 13:00,21.7,,,,1.4,,74,
108,서울,2025-09-30 14:00,23.7,,,,1.6,,69,
108,서울,2025-09-30 15:00,23.3,,,,1.9,,63,
108,서울,2025-09-30 16:00,23.2,,,,1.1,,64,
108,서울,2025-09-30 17:00,22.8,,,,1.4,,64,
108,서울,2025-09-30 18:00,22.1,,,,1.7,,69,
108,서울,2025-09-30 19:00,21,,,,1.4,,73,
108,서울,2025-09-30 20:00,20.2,,,,1.7,,77,
108,서울,2025-09-30 21:00,19.8,,,,1.4,,82,
108,서울,2025-09-30 22:00,19.3,,,,1,,83,
108,서울,2025-09-30 23:00,18.8,,,,.5,,85,
108,서울,2025-10-01 00:00,18.6,,,,.9,,88,
108,서울,2025-10-01 01:00,18,,,,.8,,88,
108,서울,2025-10-01 02:00,17.7,,,,.5,,90,
108,서울,2025-10-01 03:00,17.6,,,,1,,91,
108,서울,2025-10-01 04:00,17.6,,,,.8,,92,
108,서울,2025-10-01 05:00,17.3,,,,1.1,,93,
108,서울,2025-10-01 06:00,16.8,,,,1.6,,92,
108,서울,2025-10-01 07:00,16.7,,,,1.8,,95,
108,서울,2025-10-01 08:00,17.5,,,,2.2,,95,
108,서울,2025-10-01 09:00,19.5,,,,1.9,,90,
108,서울,2025-10-01 10:00,21,,,,2,,81,
108,서울,2025-10-01 11:00,22,,,,.9,,76,
108,서울,2025-10-01 12:00,22.8,,,,2.5,,70,
108,서울,2025-10-01 13:00,24.1,,,,2.3,,63,
108,서울,2025-10-01 14:00,25.2,,,,1.6,,60,
108,서울,2025-10-01 15:00,25.6,,,,2.7,,55,
108,서울,2025-10-01 16:00,24.5,,,,3,,62,
108,서울,2025-10-01 17:00,23.4,,,,2.5,,67,
108,서울,2025-10-01 18:00,22.5,,,,4.3,,72,
108,서울,2025-10-01 19:00,21.7,,,,2.4,,66,
108,서울,2025-10-01 20:00,21.1,,,,2,,72,
108,서울,2025-10-01 21:00,20.4,,,,1.7,,73,
108,서울,2025-10-01 22:00,19.7,,,,1.3,,78,
108,서울,2025-10-01 23:00,19.1,,,,.8,,82,
108,서울,2025-10-02 00:00,18.6,,,,.9,,82,
108,서울,2025-10-02 01:00,18.3,,,,.7,,85,
108,서울,2025-10-02 02:00,18.2,,,,.9,,86,
108,서울,2025-10-02 03:00,18,,,,.6,,87,
108,서울,2025-10-02 04:00,17.8,,,,.5,,88,
108,서울,2025-10-02 05:00,17.6,,,,1.3,,88,
108,서울,2025-10-02 06:00,17.4,,,,1.3,,88,
108,서울,2025-10-02 07:00,17.3,,,,2.2,,90,
108,서울,2025-10-02 08:00,17.9,,,,1.1,,90,
108,서울,2025-10-02 09:00,19.7,,,,1.6,,85,
108,서울,2025-10-02 10:00,21.4,,,,2,,77,
108,서울,2025-10-02 11:00,22.9,,,,1,,68,
108,서울,2025-10-02 12:00,24.2,,,,1.8,,59,
108,서울,2025-10-02 13:00,25.7,,,,2,,59,
108,서울,2025-10-02 14:00,25.7,,,,1.9,,58,
108,서울,2025-10-02 15:00,25.4,,,,2,,59,
108,서울,2025-10-02 16:00,25.4,,,,2.5,,57,
108,서울,2025-10-02 17:00,24.3,,,,1.7,,60,
108,서울,2025-10-02 18:00,23.5,,,,1.6,,63,
108,서울,2025-10-02 19:00,22.7,,,,1,,69,
108,서울,2025-10-02 20:00,22.1,,,,1.6,,72,
108,서울,2025-10-02 21:00,21.7,,,,1.7,,75,
108,서울,2025-10-02 22:00,21.5,,,,1.5,,77,
108,서울,2025-10-02 23:00,21.2,,,,1.8,,78,
108,서울,2025-10-03 00:00,21.1,,,,2.3,,80,
108,서울,2025-10-03 01:00,20.9,,,,1.3,,79,
108,서울,2025-10-03 02:00,20.9,,,,1.9,,81,
108,서울,2025-10-03 03:00,20.8,,,,1.6,,80,
108,서울,2025-10-03 04:00,20.6,,.2,,1.1,,82,
108,서울,2025-10-03 05:00,20.3,,.1,,.9,,85,
108,서울,2025-10-03 06:00,19.9,,0,,2.1,,88,
108,서울,2025-10-03 07:00,19.8,,0,,1.8,,87,
108,서울,2025-10-03 08:00,19.9,,0,,2.2,,80,
108,서울,2025-10-03 09:00,20,,.1,,1.6,,83,
108,서울,2025-10-03 10:00,20.2,,.1,,2.9,,83,
108,서울,2025-10-03 11:00,20.4,,.2,,2.7,,78,
108,서울,2025-10-03 12:00,21.8,,,9,2.9,,70,
108,서울,2025-10-03 13:00,22,,0,,2.3,,70,
108,서울,2025-10-03 14:00,22.1,,.1,,2.7,,69,
108,서울,2025-10-03 15:00,22.3,,0,,3.6,,70,
108,서울,2025-10-03 16:00,22,,0,,3,,76,
108,서울,2025-10-03 17:00,22,,,9,2.6,,74,
108,서울,2025-10-03 18:00,21.9,,,9,2.7,,72,
108,서울,2025-10-03 19:00,21.7,,,9,2.5,,71,
108,서울,2025-10-03 20:00,21.7,,,9,2.4,,68,
108,서울,2025-10-03 21:00,21.5,,,9,2,,74,
108,서울,2025-10-03 22:00,21.5,,,9,3,,69,
108,서울,2025-10-03 23:00,21.2,,,9,2.6,,67,
108,서울,2025-10-04 00:00,21.2,,,9,2.2,,67,
108,서울,2025-10-04 01:00,21.1,,,,2.7,,68,
108,서울,2025-10-04 02:00,21,,,,1.7,,69,
108,서울,2025-10-04 03:00,21,,,,1.6,,69,
108,서울,2025-10-04 04:00,21.1,,,,2.2,,72,
108,서울,2025-10-04 05:00,21.1,,,,2.2,,70,
108,서울,2025-10-04 06:00,21,,,,1.4,,70,
108,서울,2025-10-04 07:00,21,,,,2.3,,73,
108,서울,2025-10-04 08:00,21.5,,,,1.8,,73,
108,서울,2025-10-04 09:00,21.7,,0,,2,,74,
108,서울,2025-10-04 10:00,22.1,,0,,2.4,,74,
108,서울,2025-10-04 11:00,22.6,,,9,2.9,,74,
108,서울,2025-10-04 12:00,22.9,,0,,2,,77,
108,서울,2025-10-04 13:00,23.6,,0,,1.7,,77,
108,서울,2025-10-04 14:00,24.9,,,9,2.5,,71,
108,서울,2025-10-04 15:00,24.9,,,9,1.9,,71,
108,서울,2025-10-04 16:00,24.5,,,9,1.9,,72,
108,서울,2025-10-04 17:00,24.1,,,9,2.4,,74,
108,서울,2025-10-04 18:00,23.7,,,9,1.3,,75,
108,서울,2025-10-04 19:00,23.5,,,9,1.2,,75,
108,서울,2025-10-04 20:00,23.3,,,9,1,,78,
108,서울,2025-10-04 21:00,22.9,,0,,.3,,79,
108,서울,2025-10-04 22:00,22.5,,,9,1.9,,81,
108,서울,2025-10-04 23:00,22.2,,,9,1.4,,82,
108,서울,2025-10-05 00:00,22.2,,0,,.3,,82,
108,서울,2025-10-05 01:00,22.2,,0,,1,,83,
108,서울,2025-10-05 02:00,22.1,,,9,.9,,83,
108,서울,2025-10-05 03:00,22,,,9,1.4,,84,
108,서울,2025-10-05 04:00,21.9,,,9,1.5,,85,
108,서울,2025-10-05 05:00,21.7,,,9,1.5,,85,
108,서울,2025-10-05 06:00,21.7,,,9,1.3,,86,
108,서울,2025-10-05 07:00,21.6,,,9,1.8,,85,
108,서울,2025-10-05 08:00,21.7,,,9,1.1,,86,
108,서울,2025-10-05 09:00,21.9,,,9,1.5,,85,
108,서울,2025-10-05 10:00,21.7,,.6,,1.9,,91,
108,서울,2025-10-05 11:00,21.3,,10.4,,.9,,94,
108,서울,2025-10-05 12:00,21.3,,6.3,,2.3,,94,
108,서울,2025-10-05 13:00,21.8,,0,,1.8,,92,
108,서울,2025-10-05 14:00,21.5,,.3,,1.4,,93,
108,서울,2025-10-05 15:00,21.4,,.4,,1.9,,92,
108,서울,2025-10-05 16:00,21.8,,0,,2.3,,93,
108,서울,2025-10-05 17:00,21.6,,,9,1.9,,91,
108,서울,2025-10-05 18:00,21.3,,,9,1.9,,90,
108,서울,2025-10-05 19:00,20.9,,,9,2.2,,91,
108,서울,2025-10-05 20:00,20.7,,,9,1.8,,92,
108,서울,2025-10-05 21:00,20.8,,,9,2.5,,93,
108,서울,2025-10-05 22:00,20.9,,0,,1.4,,91,
108,서울,2025-10-05 23:00,20.7,,.1,,1.5,,93,
108,서울,2025-10-06 00:00,20.7,,0,,1.9,,93,
108,서울,2025-10-06 01:00,20.6,,,,1.5,,92,
108,서울,2025-10-06 02:00,20.6,,,,1.1,,92,
108,서울,2025-10-06 03:00,20.6,,,,1.6,,91,
108,서울,2025-10-06 04:00,20.5,,0,,2.3,,90,
108,서울,2025-10-06 05:00,20.3,,0,,2.9,,91,
108,서울,2025-10-06 06:00,20.1,,0,,3.1,,89,
108,서울,2025-10-06 07:00,20.1,,0,,2.5,,90,
108,서울,2025-10-06 08:00,19.7,,.3,,2.4,,95,
108,서울,2025-10-06 09:00,18.7,,3.9,,3.8,,95,
108,서울,2025-10-06 10:00,17.7,,1.3,,4,,93,
108,서울,2025-10-06 11:00,17.8,,.1,,4.2,,91,
108,서울,2025-10-06 12:00,17.8,,0,,3.9,,87,
108,서울,2025-10-06 13:00,17.6,,.1,,3.8,,89,
108,서울,2025-10-06 14:00,17.5,,.3,,4.2,,93,
108,서울,2025-10-06 15:00,17,,.8,,4.3,,94,
108,서울,2025-10-06 16:00,16.5,,1.1,,5,,96,
108,서울,2025-10-06 17:00,16.2,,1.4,,4.7,,97,
108,서울,2025-10-06 18:00,15.9,,2.1,,4.8,,97,
108,서울,2025-10-06 19:00,15.6,,5.9,,4.8,,98,
108,서울,2025-10-06 20:00,15.5,,3,,5.2,,97,
108,서울,2025-10-06 21:00,15.4,,3,,4.7,,98,
108,서울,2025-10-06 22:00,15.4,,1.7,,4.8,,98,
108,서울,2025-10-06 23:00,15.4,,4.1,,4.6,,99,
108,서울,2025-10-07 00:00,15.5,,7.7,,3.9,,99,
108,서울,2025-10-07 01:00,15.8,,1.5,,3.7,,99,
108,서울,2025-10-07 02:00,16.1,,1.6,,4.6,,99,
108,서울,2025-10-07 03:00,16.2,,.4,,4.9,,98,
108,서울,2025-10-07 04:00,16.5,,.2,,4.9,,96,
108,서울,2025-10-07 05:00,16.7,,.2,,4.5,,97,
108,서울,2025-10-07 06:00,16.7,,.7,,4.2,,98,
108,서울,2025-10-07 07:00,16.9,,.4,,4.2,,96,
108,서울,2025-10-07 08:00,17,,.6,,4.5,,98,
108,서울,2025-10-07 09:00,17.5,,0,,3.8,,96,
108,서울,2025-10-07 10:00,18.2,,0,,3.7,,94,
108,서울,2025-10-07 11:00,18.7,,0,,3.9,,91,
108,서울,2025-10-07 12:00,19.4,,0,,3,,90,
108,서울,2025-10-07 13:00,19.7,,0,,3.3,,89,
108,서울,2025-10-07 14:00,19.7,,0,,2.7,,87,
108,서울,2025-10-07 15:00,19.5,,.1,,2.8,,93,
108,서울,2025-10-07 16:00,19.6,,0,,2.8,,93,
108,서울,2025-10-07 17:00,19.4,,.2,,1.7,,94,
108,서울,2025-10-07 18:00,19.3,,.8,,1.3,,94,
108,서울,2025-10-07 19:00,19.1,,.1,,1.8,,95,
108,서울,2025-10-07 20:00,18.9,,0,,2,,95,
108,서울,2025-10-07 21:00,18.8,,0,,1.5,,96,
108,서울,2025-10-07 22:00,18.8,,.1,,.5,,95,
108,서울,2025-10-07 23:00,18.7,,.2,,1.4,,95,
108,서울,2025-10-08 00:00,18.5,,0,,1,,94,
108,서울,2025-10-08 01:00,18.4,,,,1,,93,
108,서울,2025-10-08 02:00,18.5,,,,.2,,94,
108,서울,2025-10-08 03:00,18.4,,,,1.2,,95,
108,서울,2025-10-08 04:00,18.3,,0,,.6,,94,
108,서울,2025-10-08 05:00,18.1,,0,,.2,,93,
108,서울,2025-10-08 06:00,17.9,,,9,.2,,94,
108,서울,2025-10-08 07:00,17.2,,,9,1.6,,93,
108,서울,2025-10-08 08:00,17.5,,,9,.8,,94,
108,서울,2025-10-08 09:00,19.8,,,9,1.8,,89,
108,서울,2025-10-08 10:00,22,,,9,1.9,,80,
108,서울,2025-10-08 11:00,23.7,,,9,2.2,,74,
108,서울,2025-10-08 12:00,24.7,,,9,1.2,,70,
108,서울,2025-10-08 13:00,26,,,9,2.7,,58,
108,서울,2025-10-08 14:00,26.9,,,9,2.3,,54,
108,서울,2025-10-08 15:00,27.5,,,9,1.6,,47,
108,서울,2025-10-08 16:00,27.7,,,9,1.4,,44,
108,서울,2025-10-08 17:00,26.4,,,9,3,,49,
108,서울,2025-10-08 18:00,24.5,,,9,3.5,,53,
108,서울,2025-10-08 19:00,23.1,,,9,2.6,,59,
108,서울,2025-10-08 20:00,22.1,,,9,.9,,65,
108,서울,2025-10-08 21:00,21.7,,,9,1.1,,66,
108,서울,2025-10-08 22:00,21.2,,,9,.3,,69,
108,서울,2025-10-08 23:00,21,,,9,.8,,70,
108,서울,2025-10-09 00:00,20.7,,,9,2,,68,
108,서울,2025-10-09 01:00,20.5,,,,2.3,,69,
108,서울,2025-10-09 02:00,20.4,,,,2.9,,71,
108,서울,2025-10-09 03:00,20.4,,,,2.9,,64,
108,서울,2025-10-09 04:00,20.2,,,,3.2,,64,
108,서울,2025-10-09 05:00,20,,,,2.9,,61,
108,서울,2025-10-09 06:00,19.8,,,,2.9,,60,
108,서울,2025-10-09 07:00,19.8,,,,2.6,,61,
108,서울,2025-10-09 08:00,19.9,,,,2.5,,66,
108,서울,2025-10-09 09:00,20.2,,,,3.7,,69,
108,서울,2025-10-09 10:00,20.8,,,,4,,69,
108,서울,2025-10-09 11:00,21.3,,,,4.2,,66,
108,서울,2025-10-09 12:00,22.3,,,,3.1,,65,
108,서울,2025-10-09 13:00,22.5,,,,3.5,,64,
108,서울,2025-10-09 14:00,22.3,,,,2.8,,66,
108,서울,2025-10-09 15:00,21.7,,0,,3.1,,65,
108,서울,2025-10-09 16:00,20.8,,0,,4.5,,69,
108,서울,2025-10-09 17:00,20.5,,0,,3.5,,68,
108,서울,2025-10-09 18:00,20,,0,,3.5,,69,
108,서울,2025-10-09 19:00,19.6,,0,,3.6,,71,
108,서울,2025-10-09 20:00,19.2,,0,,3.7,,71,
108,서울,2025-10-09 21:00,18.7,,0,,3.4,,75,
108,서울,2025-10-09 22:00,18,,0,,4.7,,79,
108,서울,2025-10-09 23:00,17.4,,0,,4.3,,85,
108,서울,2025-10-10 00:00,16.9,,0,,3.7,,90,
108,서울,2025-10-10 01:00,16.5,,.5,,3.2,,94,
108,서울,2025-10-10 02:00,16.1,,1.6,,4,,96,
108,서울,2025-10-10 03:00,16.1,,1.3,,2.9,,96,
108,서울,2025-10-10 04:00,16.1,,.6,,3.3,,95,
108,서울,2025-10-10 05:00,16.1,,.7,,2.8,,97,
108,서울,2025-10-10 06:00,16.2,,1,,3,,98,
108,서울,2025-10-10 07:00,16.3,,.9,,2.9,,98,
108,서울,2025-10-10 08:00,16.4,,.3,,1.6,,98,
108,서울,2025-10-10 09:00,16.6,,0,,2.8,,98,
108,서울,2025-10-10 10:00,16.8,,1,,2.5,,98,
108,서울,2025-10-10 11:00,17.3,,1.4,,2.1,,98,
108,서울,2025-10-10 12:00,17.5,,.3,,2.9,,98,
108,서울,2025-10-10 13:00,17.6,,1.2,,2.3,,98,
108,서울,2025-10-10 14:00,17.7,,1,,2.9,,98,
108,서울,2025-10-10 15:00,17.6,,.9,,2.9,,96,
108,서울,2025-10-10 16:00,17.5,,1.5,,2.5,,98,
108,서울,2025-10-10 17:00,17.4,,2,,2.9,,99,
108,서울,2025-10-10 18:00,17.3,,5.6,,3.1,,99,
108,서울,2025-10-10 19:00,17.2,,4.3,,3.2,,99,
108,서울,2025-10-10 20:00,17.3,,6.9,,3.1,,99,
108,서울,2025-10-10 21:00,17.3,,4.6,,3.8,,100,
108,서울,2025-10-10 22:00,17.3,,5.3,,3.3,,99,
108,서울,2025-10-10 23:00,17.3,,4.6,,2.5,,100,
108,서울,2025-10-11 00:00,17.3,,1.8,,2.9,,100,
108,서울,2025-10-11 01:00,17.3,,1.6,,2.7,,100,
108,서울,2025-10-11 02:00,17.3,,4.6,,2.5,,100,
108,서울,2025-10-11 03:00,17.4,,1.6,,2.3,,100,
108,서울,2025-10-11 04:00,17.4,,1.9,,1.8,,100,
108,서울,2025-10-11 05:00,17.5,,2.1,,1.7,,99,
108,서울,2025-10-11 06:00,17.7,,1.2,,1.4,,99,
108,서울,2025-10-11 07:00,17.9,,1,,1.8,,100,
108,서울,2025-10-11 08:00,18.1,,1.5,,1.1,,100,
108,서울,2025-10-11 09:00,18.4,,.6,,1.2,,98,
108,서울,2025-10-11 10:00,19.1,,0,,1.6,,100,
108,서울,2025-10-11 11:00,20.3,,0,,2.3,,98,
108,서울,2025-10-11 12:00,21.1,,0,,2.4,,95,
108,서울,2025-10-11 13:00,22.6,,,9,2.7,,90,
108,서울,2025-10-11 14:00,23.7,,,9,4.8,,77,
108,서울,2025-10-11 15:00,23.7,,,9,4.8,,74,
108,서울,2025-10-11 16:00,23.6,,,9,3.5,,78,
108,서울,2025-10-11 17:00,23.3,,,9,3.9,,81,
108,서울,2025-10-11 18:00,22.6,,.7,,3.8,,91,
108,서울,2025-10-11 19:00,22.2,,.8,,3.4,,96,
108,서울,2025-10-11 20:00,22.1,,3.5,,2.8,,97,
108,서울,2025-10-11 21:00,21.4,,.2,,1.4,,94,
108,서울,2025-10-11 22:00,20.8,,.2,,3.3,,96,
108,서울,2025-10-11 23:00,19.9,,1,,1.9,,93,
108,서울,2025-10-12 00:00,19.7,,0,,1.4,,94,
108,서울,2025-10-12 01:00,19.3,,,,1.9,,95,
108,서울,2025-10-12 02:00,18.7,,,,2.3,,95,
108,서울,2025-10-12 03:00,17.8,,,,1.6,,95,
108,서울,2025-10-12 04:00,17.7,,,,1.1,,96,
108,서울,2025-10-12 05:00,17.6,,,,1.3,,95,
108,서울,2025-10-12 06:00,17.7,,,,.9,,94,
108,서울,2025-10-12 07:00,17.6,,0,,1.1,,95,
108,서울,2025-10-12 08:00,17.6,,.1,,.6,,95,
108,서울,2025-10-12 09:00,17.9,,0,,1.2,,94,
108,서울,2025-10-12 10:00,18.9,,,9,1,,93,
108,서울,2025-10-12 11:00,20.3,,,9,2.2,,87,
108,서울,2025-10-12 12:00,20.9,,,9,2.1,,84,
108,서울,2025-10-12 13:00,21.3,,,9,1.7,,82,
108,서울,2025-10-12 14:00,21.2,,,9,3.1,,76,
108,서울,2025-10-12 15:00,20.5,,,9,4,,74,
108,서울,2025-10-12 16:00,20.5,,,9,3.8,,73,
108,서울,2025-10-12 17:00,19.9,,,9,3.6,,74,
108,서울,2025-10-12 18:00,19.5,,,9,3.1,,76,
108,서울,2025-10-12 19:00,19.2,,0,,2.7,,78,
108,서울,2025-10-12 20:00,19,,0,,2.9,,78,
108,서울,2025-10-12 21:00,19,,,9,3.5,,77,
108,서울,2025-10-12 22:00,18.9,,,9,3.1,,79,
108,서울,2025-10-12 23:00,18.8,,,9,3.2,,79,
108,서울,2025-10-13 00:00,18.3,,0,,3.1,,83,
108,서울,2025-10-13 01:00,17.8,,0,,2.9,,86,
108,서울,2025-10-13 02:00,17.2,,.1,,3.2,,94,
108,서울,2025-10-13 03:00,16.9,,.1,,3.2,,94,
108,서울,2025-10-13 04:00,16.8,,0,,3,,93,
108,서울,2025-10-13 05:00,16.8,,2.7,,2.2,,96,
108,서울,2025-10-13 06:00,16.7,,3.4,,2.7,,98,
108,서울,2025-10-13 07:00,16.4,,2.1,,3.7,,97,
108,서울,2025-10-13 08:00,16.4,,2.1,,3.3,,97,
108,서울,2025-10-13 09:00,16.5,,0,,3.3,,95,
108,서울,2025-10-13 10:00,16.5,,,9,3.8,,91,
108,서울,2025-10-13 11:00,16.8,,,9,3.5,,89,
108,서울,2025-10-13 12:00,16.9,,,9,3.1,,88,
108,서울,2025-10-13 13:00,16.4,,.7,,3.9,,93,
108,서울,2025-10-13 14:00,16.1,,0,,4.1,,94,
108,서울,2025-10-13 15:00,15.9,,2.2,,2.9,,97,
108,서울,2025-10-13 16:00,15.5,,.9,,4,,97,
108,서울,2025-10-13 17:00,15,,2.5,,4.3,,96,
108,서울,2025-10-13 18:00,14.4,,4.2,,4.7,,97,
108,서울,2025-10-13 19:00,14.1,,3,,4,,97,
108,서울,2025-10-13 20:00,13.9,,.8,,3.8,,97,
108,서울,2025-10-13 21:00,14,,.3,,3.3,,96,
108,서울,2025-10-13 22:00,14,,0,,2.9,,96,
108,서울,2025-10-13 23:00,14.2,,,9,3,,94,
108,서울,2025-10-14 00:00,14.4,,,9,3.3,,90,
108,서울,2025-10-14 01:00,14.6,,,,2.7,,89,
108,서울,2025-10-14 02:00,14.8,,,,3.1,,89,
108,서울,2025-10-14 03:00,15,,0,,3.1,,89,
108,서울,2025-10-14 04:00,14.7,,0,,3.1,,94,
108,서울,2025-10-14 05:00,14.6,,.3,,2.3,,97,
108,서울,2025-10-14 06:00,14.6,,.1,,3.4,,96,
108,서울,2025-10-14 07:00,14.7,,.2,,3.3,,95,
108,서울,2025-10-14 08:00,15.1,,0,,3.6,,93,
108,서울,2025-10-14 09:00,16,,0,,3.7,,91,
108,서울,2025-10-14 10:00,17.1,,,9,3.4,,84,
108,서울,2025-10-14 11:00,18.5,,,9,2.8,,79,
108,서울,2025-10-14 12:00,19.9,,,9,3.3,,71,
108,서울,2025-10-14 13:00,20.5,,,9,3.8,,70,
108,서울,2025-10-14 14:00,20.8,,,9,3.5,,70,
108,서울,2025-10-14 15:00,20.6,,,9,3.9,,69,
108,서울,2025-10-14 16:00,20.8,,,9,3.1,,68,
108,서울,2025-10-14 17:00,20.4,,,9,2.7,,71,
108,서울,2025-10-14 18:00,19.9,,,9,3,,71,
108,서울,2025-10-14 19:00,19.5,,0,,2.3,,74,
108,서울,2025-10-14 20:00,19.2,,,9,2.9,,75,
108,서울,2025-10-14 21:00,18.8,,,9,1.5,,76,
108,서울,2025-10-14 22:00,18.8,,,9,2.3,,75,
108,서울,2025-10-14 23:00,18.5,,,9,3.5,,77,
108,서울,2025-10-15 00:00,18,,,9,3.8,,79,
108,서울,2025-10-15 01:00,17.9,,,,2.4,,77,
108,서울,2025-10-15 02:00,17.3,,,,1.9,,79,
108,서울,2025-10-15 03:00,16.9,,,,2.2,,80,
108,서울,2025-10-15 04:00,16.7,,,,2,,82,
108,서울,2025-10-15 05:00,16.4,,,,2.6,,85,
108,서울,2025-10-15 06:00,16.3,,,,2.3,,84,
108,서울,2025-10-15 07:00,16.5,,,,2.8,,84,
108,서울,2025-10-15 08:00,17.3,,,,3,,82,
108,서울,2025-10-15 09:00,18.9,,,,2.8,,75,
108,서울,2025-10-15 10:00,21.1,,,,3.4,,69,
108,서울,2025-10-15 11:00,22.6,,,,2.3,,63,
108,서울,2025-10-15 12:00,23.4,,,,2.9,,59,
108,서울,2025-10-15 13:00,24.9,,,,2.5,,56,
108,서울,2025-10-15 14:00,25.2,,,,2.9,,56,
108,서울,2025-10-15 15:00,24.4,,,,2.3,,60,
108,서울,2025-10-15 16:00,23.9,,,,2.3,,62,
108,서울,2025-10-15 17:00,23.4,,,,2.2,,62,
108,서울,2025-10-15 18:00,22.9,,0,,1.7,,65,
108,서울,2025-10-15 19:00,21.9,,.2,,3.1,,73,
108,서울,2025-10-15 20:00,20.4,,0,,1.8,,79,
108,서울,2025-10-15 21:00,20,,0,,2.1,,84,
108,서울,2025-10-15 22:00,19.8,,0,,2.3,,82,
108,서울,2025-10-15 23:00,19.6,,.2,,.7,,86,
108,서울,2025-10-16 00:00,18.8,,1.1,,2.6,,91,
108,서울,2025-10-16 01:00,18.5,,.6,,1.9,,92,
108,서울,2025-10-16 02:00,18,,.5,,2.4,,92,
108,서울,2025-10-16 03:00,17.6,,.2,,3.3,,92,
108,서울,2025-10-16 04:00,17.3,,0,,3.2,,91,
108,서울,2025-10-16 05:00,17.4,,,9,.4,,89,
108,서울,2025-10-16 06:00,17.3,,,9,.9,,89,
108,서울,2025-10-16 07:00,17.1,,,9,.5,,90,
108,서울,2025-10-16 08:00,17.1,,,9,1,,89,
108,서울,2025-10-16 09:00,19.1,,,9,2.7,,82,
108,서울,2025-10-16 10:00,20.4,,,9,2.2,,76,
108,서울,2025-10-16 11:00,22.4,,,9,1.9,,67,
108,서울,2025-10-16 12:00,23.7,,,9,1.1,,66,
108,서울,2025-10-16 13:00,23.3,,,9,2.1,,65,
108,서울,2025-10-16 14:00,24,,,9,1.5,,62,
108,서울,2025-10-16 15:00,24.4,,,9,3.8,,62,
108,서울,2025-10-16 16:00,24.7,,,9,3.6,,62,
108,서울,2025-10-16 17:00,23.2,,,9,2.4,,65,
108,서울,2025-10-16 18:00,21.9,,,9,2.6,,68,
108,서울,2025-10-16 19:00,20.9,,,9,2.4,,72,
108,서울,2025-10-16 20:00,20.2,,,9,3.6,,71,
108,서울,2025-10-16 21:00,19.7,,,9,3.7,,71,
108,서울,2025-10-16 22:00,19.2,,,9,3.4,,71,
108,서울,2025-10-16 23:00,18.6,,,9,3.7,,72,
108,서울,2025-10-17 00:00,18.1,,,9,4.3,,72,
108,서울,2025-10-17 01:00,17.7,,,,2.3,,74,
108,서울,2025-10-17 02:00,17.5,,,,3.6,,74,
108,서울,2025-10-17 03:00,17.1,,,,2.7,,77,
108,서울,2025-10-17 04:00,16.7,,,,1.5,,77,
108,서울,2025-10-17 05:00,16.1,,,,2.2,,79,
108,서울,2025-10-17 06:00,15.6,,,,2.3,,82,
108,서울,2025-10-17 07:00,15.7,,,,2.4,,83,
108,서울,2025-10-17 08:00,16.6,,,,3.1,,81,
108,서울,2025-10-17 09:00,18.5,,,,2.3,,74,
108,서울,2025-10-17 10:00,19.7,,,,3.3,,70,
108,서울,2025-10-17 11:00,22.1,,,,2.5,,65,
108,서울,2025-10-17 12:00,23.5,,,,3.3,,59,
108,서울,2025-10-17 13:00,24.4,,,,4.1,,56,
108,서울,2025-10-17 14:00,24.4,,,,3.2,,55,
108,서울,2025-10-17 15:00,24,,,,2.6,,58,
108,서울,2025-10-17 16:00,23.3,,0,,2.2,,60,
108,서울,2025-10-17 17:00,22.9,,0,,1,,63,
108,서울,2025-10-17 18:00,22.2,,0,,1.5,,69,
108,서울,2025-10-17 19:00,20.7,,.4,,1.5,,80,
108,서울,2025-10-17 20:00,19.9,,.2,,1.2,,84,
108,서울,2025-10-17 21:00,19.4,,1,,1.5,,87,
108,서울,2025-10-17 22:00,19,,5.3,,.9,,91,
108,서울,2025-10-17 23:00,18.7,,3.8,,.6,,91,
108,서울,2025-10-18 00:00,18.6,,.6,,.8,,92,
108,서울,2025-10-18 01:00,18.3,,1.8,,1.8,,93,
108,서울,2025-10-18 02:00,18,,1.2,,1.1,,92,
108,서울,2025-10-18 03:00,17.7,,2.2,,3.1,,95,
108,서울,2025-10-18 04:00,16.8,,2.4,,3.4,,94,
108,서울,2025-10-18 05:00,16.2,,1.7,,2.5,,93,
108,서울,2025-10-18 06:00,16,,1.4,,2,,94,
108,서울,2025-10-18 07:00,16,,.5,,1.5,,95,
108,서울,2025-10-18 08:00,15.3,,0,,3.8,,92,
108,서울,2025-10-18 09:00,15.3,,,9,2.4,,92,
108,서울,2025-10-18 10:00,15.7,,,9,1.4,,90,
108,서울,2025-10-18 11:00,15.3,,,9,1.7,,88,
108,서울,2025-10-18 12:00,15.8,,,9,2.9,,86,
108,서울,2025-10-18 13:00,16.1,,,9,2.7,,85,
108,서울,2025-10-18 14:00,16.2,,,9,2.9,,83,
108,서울,2025-10-18 15:00,16.4,,,9,2.4,,81,
108,서울,2025-10-18 16:00,16.5,,,9,2.1,,81,
108,서울,2025-10-18 17:00,16.1,,,9,2.3,,80,
108,서울,2025-10-18 18:00,15.8,,,9,3.2,,83,
108,서울,2025-10-18 19:00,15.7,,,9,1.8,,83,
108,서울,2025-10-18 20:00,15.5,,,9,1.7,,84,
108,서울,2025-10-18 21:00,15.1,,,9,.8,,83,
108,서울,2025-10-18 22:00,14.6,,,9,1.6,,85,
108,서울,2025-10-18 23:00,14.3,,,9,1.2,,86,
108,서울,2025-10-19 00:00,14.2,,,9,1.6,,88,
108,서울,2025-10-19 01:00,14.2,,,,2.5,,88,
108,서울,2025-10-19 02:00,14.2,,,,2.5,,89,
108,서울,2025-10-19 03:00,14.2,,,,2.2,,86,
108,서울,2025-10-19 04:00,14,,,,2.8,,86,
108,서울,2025-10-19 05:00,13.5,,,,2,,86,
108,서울,2025-10-19 06:00,13.1,,,,1.4,,86,
108,서울,2025-10-19 07:00,12.8,,,,1.4,,89,
108,서울,2025-10-19 08:00,13.6,,,,1.7,,91,
108,서울,2025-10-19 09:00,15.6,,,,2.3,,81,
108,서울,2025-10-19 10:00,17.9,,,,1.1,,74,
108,서울,2025-10-19 11:00,18.4,,,,1.2,,72,
108,서울,2025-10-19 12:00,18.7,,,,2.5,,72,
108,서울,2025-10-19 13:00,18.4,,,,2.8,,72,
108,서울,2025-10-19 14:00,18.6,,,,3.1,,67,
108,서울,2025-10-19 15:00,19.1,,,,2.8,,59,
108,서울,2025-10-19 16:00,18.2,,,,3.8,,64,
108,서울,2025-10-19 17:00,16.9,,,,3.9,,63,
108,서울,2025-10-19 18:00,14.9,,,,4.7,,60,
108,서울,2025-10-19 19:00,13.5,,,,4.8,,61,
108,서울,2025-10-19 20:00,12.3,,,,4.3,,60,
108,서울,2025-10-19 21:00,11.3,,,,3.8,,61,
108,서울,2025-10-19 22:00,10.6,,,,3.7,,64,
108,서울,2025-10-19 23:00,9.7,,,,3.9,,69,
108,서울,2025-10-20 00:00,8.9,,,,5.1,,67,
108,서울,2025-10-20 01:00,8.2,,,,4.3,,67,
108,서울,2025-10-20 02:00,7.3,,,,2.7,,72,
108,서울,2025-10-20 03:00,6.7,,,,3.9,,72,
108,서울,2025-10-20 04:00,6.2,,,,2.4,,73,
108,서울,2025-10-20 05:00,5.9,,,,2.2,,76,
108,서울,2025-10-20 06:00,5.6,,,,1.7,,77,
108,서울,2025-10-20 07:00,5.3,,,,1.3,,79,
108,서울,2025-10-20 08:00,6.3,,,,2.4,,80,
108,서울,2025-10-20 09:00,7.7,,,,2.2,,76,
108,서울,2025-10-20 10:00,10.1,,,,1.3,,69,
108,서울,2025-10-20 11:00,12,,,,1.7,,67,
108,서울,2025-10-20 12:00,13.5,,,,2.2,,66,
108,서울,2025-10-20 13:00,13.9,,,,3.9,,60,
108,서울,2025-10-20 14:00,15.4,,,,3.4,,60,
108,서울,2025-10-20 15:00,15.8,,,,2.8,,56,
108,서울,2025-10-20 16:00,15.7,,,,2.5,,59,
108,서울,2025-10-20 17:00,14.7,,,,1.9,,60,
108,서울,2025-10-20 18:00,13.5,,,,3.1,,63,
108,서울,2025-10-20 19:00,12.2,,,,3.4,,63,
108,서울,2025-10-20 20:00,11.1,,,,3.6,,55,
108,서울,2025-10-20 21:00,10,,,,3.1,,55,
108,서울,2025-10-20 22:00,8.9,,,,1.9,,57,
108,서울,2025-10-20 23:00,8.2,,,,2.1,,58,
108,서울,2025-10-21 00:00,7.4,,,,1.2,,62,
108,서울,2025-10-21 01:00,6.8,,,,2.1,,63,
108,서울,2025-10-21 02:00,6.3,,,,1.4,,64,
108,서울,2025-10-21 03:00,5.8,,,,.9,,69,
108,서울,2025-10-21 04:00,5.7,,,,1.4,,70,
108,서울,2025-10-21 05:00,5.1,,,,1.2,,73,
108,서울,2025-10-21 06:00,4.9,,,,1.3,,73,
108,서울,2025-10-21 07:00,4.8,,,,.7,,75,
108,서울,2025-10-21 08:00,5.2,,,,.5,,77,
108,서울,2025-10-21 09:00,7.7,,,,.5,,71,
108,서울,2025-10-21 10:00,9.4,,,,1.1,,67,
108,서울,2025-10-21 11:00,10.5,,,,2.1,,65,
108,서울,2025-10-21 12:00,12.6,,,,2.1,,61,
108,서울,2025-10-21 13:00,13.4,,,,2.4,,62,
108,서울,2025-10-21 14:00,13.8,,,,2.7,,62,
108,서울,2025-10-21 15:00,14,,,,2.3,,61,
108,서울,2025-10-21 16:00,13.8,,,,2.5,,61,
108,서울,2025-10-21 17:00,13.6,,,,2,,56,
108,서울,2025-10-21 18:00,12.1,,,,2.3,,63,
108,서울,2025-10-21 19:00,10.8,,,,2.4,,65,
108,서울,2025-10-21 20:00,10.1,,,,2.5,,64,
108,서울,2025-10-21 21:00,9.2,,,,1.2,,66,
108,서울,2025-10-21 22:00,8.5,,,,.9,,74,
108,서울,2025-10-21 23:00,8,,,,.9,,80,
108,서울,2025-10-22 00:00,7.6,,,,.9,,82,
108,서울,2025-10-22 01:00,7.2,,,,1.3,,81,
108,서울,2025-10-22 02:00,6.8,,,,.4,,84,
108,서울,2025-10-22 03:00,6.7,,,,1.1,,85,
108,서울,2025-10-22 04:00,6.6,,,,.3,,86,
108,서울,2025-10-22 05:00,6.8,,,,1.3,,89,
108,서울,2025-10-22 06:00,6.8,,,,.9,,90,
108,서울,2025-10-22 07:00,7,,,,.5,,90,
108,서울,2025-10-22 08:00,7.7,,,,.6,,89,
108,서울,2025-10-22 09:00,10.6,,,,1.9,,80,
108,서울,2025-10-22 10:00,13.6,,,,2.2,,67,
108,서울,2025-10-22 11:00,15.4,,,,2.4,,62,
108,서울,2025-10-22 12:00,16.8,,,,1.8,,59,
108,서울,2025-10-22 13:00,18.1,,,,2.2,,55,
108,서울,2025-10-22 14:00,17.9,,,,2.4,,57,
108,서울,2025-10-22 15:00,18.5,,,,2.2,,55,
108,서울,2025-10-22 16:00,18.5,,,,1.5,,56,
108,서울,2025-10-22 17:00,17.5,,,,2.1,,60,
108,서울,2025-10-22 18:00,16.9,,,,1.4,,61,
108,서울,2025-10-22 19:00,16.1,,,,1.6,,65,
108,서울,2025-10-22 20:00,15.4,,,,.9,,70,
108,서울,2025-10-22 21:00,14.9,,,,2.1,,71,
108,서울,2025-10-22 22:00,14.4,,,,2,,74,
108,서울,2025-10-22 23:00,14,,,,2.5,,73,
108,서울,2025-10-23 00:00,13.4,,,,2.4,,76,
108,서울,2025-10-23 01:00,12.8,,,,1.7,,76,
108,서울,2025-10-23 02:00,12.5,,,,1.7,,79,
108,서울,2025-10-23 03:00,12.3,,,,1.9,,78,
108,서울,2025-10-23 04:00,12,,,,1.3,,80,
108,서울,2025-10-23 05:00,11.8,,,,1.2,,80,
108,서울,2025-10-23 06:00,12,,,,1.6,,81,
108,서울,2025-10-23 07:00,12.3,,,,1.8,,80,
108,서울,2025-10-23 08:00,12.8,,,,2.4,,79,
108,서울,2025-10-23 09:00,14,,,,2.4,,73,
108,서울,2025-10-23 10:00,14.6,,,,1.8,,72,
108,서울,2025-10-23 11:00,17,,,,2.4,,64,
108,서울,2025-10-23 12:00,17.8,,,,1.5,,62,
108,서울,2025-10-23 13:00,18.1,,,,1.5,,62,
108,서울,2025-10-23 14:00,18.4,,,,1.3,,60,
108,서울,2025-10-23 15:00,18.6,,,,2.4,,60,
108,서울,2025-10-23 16:00,19.3,,,,2.2,,58,
108,서울,2025-10-23 17:00,18.8,,,,2.9,,55,
108,서울,2025-10-23 18:00,17.4,,,,3,,60,
108,서울,2025-10-23 19:00,16.4,,,,2.4,,66,
108,서울,2025-10-23 20:00,15.5,,,,1.5,,70,
108,서울,2025-10-23 21:00,14.6,,,,1.7,,71,
108,서울,2025-10-23 22:00,13.9,,,,1.7,,72,
108,서울,2025-10-23 23:00,13.2,,,,2.6,,74,
108,서울,2025-10-24 00:00,12.7,,,,2.5,,77,
108,서울,2025-10-24 01:00,12.4,,,,2.8,,76,
108,서울,2025-10-24 02:00,12.3,,,,3.2,,76,
108,서울,2025-10-24 03:00,12.2,,,,3,,76,
108,서울,2025-10-24 04:00,12.3,,,,2.7,,75,
108,서울,2025-10-24 05:00,12,,,,2.4,,76,
108,서울,2025-10-24 06:00,11.6,,,,2,,77,
108,서울,2025-10-24 07:00,11.4,,,,2,,79,
108,서울,2025-10-24 08:00,12.1,,,,2.4,,77,
108,서울,2025-10-24 09:00,14.6,,,,2.4,,69,
108,서울,2025-10-24 10:00,15.8,,,,3.6,,64,
108,서울,2025-10-24 11:00,17.5,,,,2.9,,59,
108,서울,2025-10-24 12:00,18.7,,,,2.6,,57,
108,서울,2025-10-24 13:00,19.5,,,,2.1,,55,
108,서울,2025-10-24 14:00,20.8,,,,1.5,,52,
108,서울,2025-10-24 15:00,20.9,,,,2.3,,47,
108,서울,2025-10-24 16:00,20.8,,,,1.7,,50,
108,서울,2025-10-24 17:00,19.1,,,,.8,,55,
108,서울,2025-10-24 18:00,17.9,,,,.9,,59,
108,서울,2025-10-24 19:00,16.9,,,,2.9,,67,
108,서울,2025-10-24 20:00,16.5,,,,2.7,,67,
108,서울,2025-10-24 21:00,15.8,,,,.4,,70,
108,서울,2025-10-24 22:00,15.3,,,,.8,,72,
108,서울,2025-10-24 23:00,14.7,,,,1.1,,74,
108,서울,2025-10-25 00:00,14.8,,,,1.1,,77,
108,서울,2025-10-25 01:00,14.4,,,,.8,,78,
108,서울,2025-10-25 02:00,14.3,,,,1.2,,79,
108,서울,2025-10-25 03:00,13.7,,,,1.5,,79,
108,서울,2025-10-25 04:00,13.3,,,,1.1,,82,
108,서울,2025-10-25 05:00,13,,,,1.3,,85,
108,서울,2025-10-25 06:00,12.9,,,,2.4,,86,
108,서울,2025-10-25 07:00,12.8,,,,2.1,,85,
108,서울,2025-10-25 08:00,12.6,,,,2.6,,85,
108,서울,2025-10-25 09:00,13.2,,,,2.2,,84,
108,서울,2025-10-25 10:00,13.7,,,,2.2,,81,
108,서울,2025-10-25 11:00,15.8,,,,1.7,,75,
108,서울,2025-10-25 12:00,16.4,,,,2.3,,69,
108,서울,2025-10-25 13:00,16.5,,,,3,,62,
108,서울,2025-10-25 14:00,16.5,,,,2.1,,62,
108,서울,2025-10-25 15:00,17.2,,,,2.1,,56,
108,서울,2025-10-25 16:00,17.5,,,,2.7,,47,
108,서울,2025-10-25 17:00,16.5,,,,2.5,,49,
108,서울,2025-10-25 18:00,14.9,,,,1.9,,52,
108,서울,2025-10-25 19:00,14,,,,2.3,,60,
108,서울,2025-10-25 20:00,14,,,,2.7,,55,
108,서울,2025-10-25 21:00,14.1,,,,3.6,,52,
108,서울,2025-10-25 22:00,13.8,,,,3.6,,55,
108,서울,2025-10-25 23:00,13.2,,,,2.2,,59,
108,서울,2025-10-26 00:00,12.9,,,,3,,57,
108,서울,2025-10-26 01:00,12.5,,,,1.1,,59,
108,서울,2025-10-26 02:00,12.1,,,,1.1,,61,
108,서울,2025-10-26 03:00,11.9,,,,1.9,,62,
108,서울,2025-10-26 04:00,11.7,,,,2.1,,62,
108,서울,2025-10-26 05:00,11.6,,,,1.1,,61,
108,서울,2025-10-26 06:00,11.4,,,,1.2,,63,
108,서울,2025-10-26 07:00,11.4,,,,1.4,,65,
108,서울,2025-10-26 08:00,11.7,,,,.9,,65,
108,서울,2025-10-26 09:00,12.4,,,,1.8,,61,
108,서울,2025-10-26 10:00,13,,,,1.8,,51,
108,서울,2025-10-26 11:00,12.9,,0,,1.2,,58,
108,서울,2025-10-26 12:00,12.4,,.2,,1.1,,69,
108,서울,2025-10-26 13:00,12.6,,.3,,1,,76,
108,서울,2025-10-26 14:00,13.7,,0,,1.1,,72,
108,서울,2025-10-26 15:00,13.7,,,9,2.6,,74,
108,서울,2025-10-26 16:00,13.5,,,9,2.5,,78,
108,서울,2025-10-26 17:00,13.4,,,9,1.9,,80,
108,서울,2025-10-26 18:00,12.7,,,9,1.5,,84,
108,서울,2025-10-26 19:00,12.3,,,9,.7,,84,
108,서울,2025-10-26 20:00,12.3,,,9,.6,,83,
108,서울,2025-10-26 21:00,12.4,,,9,2.1,,86,
108,서울,2025-10-26 22:00,12.5,,,9,3.2,,81,
108,서울,2025-10-26 23:00,12,,,9,4.7,,72,
108,서울,2025-10-27 00:00,10.6,,,9,2.3,,62,
108,서울,2025-10-27 01:00,9.8,,,,3.5,,56,
108,서울,2025-10-27 02:00,8.8,,,,4,,51,
108,서울,2025-10-27 03:00,7.6,,,,2.6,,48,
108,서울,2025-10-27 04:00,6.5,,,,2.6,,51,
108,서울,2025-10-27 05:00,5.6,,,,2.7,,54,
108,서울,2025-10-27 06:00,4.8,,,,2.5,,54,
108,서울,2025-10-27 07:00,3.9,,,,2,,53,
108,서울,2025-10-27 08:00,3.9,,,,2.2,,54,
108,서울,2025-10-27 09:00,5.5,,,,3,,47,
108,서울,2025-10-27 10:00,7.3,,,,2.8,,38,
108,서울,2025-10-27 11:00,9.4,,,,2.5,,28,
108,서울,2025-10-27 12:00,10.3,,,,4.4,,29,
108,서울,2025-10-27 13:00,10.5,,,,4.3,,30,
108,서울,2025-10-27 14:00,11.9,,,,3.7,,33,
108,서울,2025-10-27 15:00,12,,,,3.8,,34,
108,서울,2025-10-27 16:00,11.5,,,,3.1,,37,
108,서울,2025-10-27 17:00,11.3,,,,2.5,,44,
108,서울,2025-10-27 18:00,10.2,,,,3.2,,46,
108,서울,2025-10-27 19:00,9.6,,,,3.7,,47,
108,서울,2025-10-27 20:00,8.9,,,,1.5,,49,
108,서울,2025-10-27 21:00,8,,,,1.2,,51,
108,서울,2025-10-27 22:00,7.1,,,,.8,,56,
108,서울,2025-10-27 23:00,7.1,,,,2.2,,55,
108,서울,2025-10-28 00:00,6.7,,,,1.5,,51,
108,서울,2025-10-28 01:00,5.8,,,,1.2,,55,
108,서울,2025-10-28 02:00,5.1,,,,1,,63,
108,서울,2025-10-28 03:00,4.6,,,,1.3,,63,
108,서울,2025-10-28 04:00,4.2,,,,.7,,62,
108,서울,2025-10-28 05:00,3.6,,,,1.3,,66,
108,서울,2025-10-28 06:00,3.4,,,,.7,,68,
108,서울,2025-10-28 07:00,3.1,,,,.6,,68,
108,서울,2025-10-28 08:00,3.3,,,,1.6,,62,
108,서울,2025-10-28 09:00,5.8,,,,2.1,,64,
108,서울,2025-10-28 10:00,8.5,,,,1.7,,47,
108,서울,2025-10-28 11:00,11.1,,,,1,,35,
108,서울,2025-10-28 12:00,11.9,,,,2.5,,26,
108,서울,2025-10-28 13:00,13.5,,,,2.2,,28,
108,서울,2025-10-28 14:00,14,,,,2.5,,30,
108,서울,2025-10-28 15:00,14.3,,,,2.3,,27,
108,서울,2025-10-28 16:00,13.5,,,,2.2,,32,
108,서울,2025-10-28 17:00,12.5,,,,1.7,,39,
108,서울,2025-10-28 18:00,11.5,,,,1.1,,42,
108,서울,2025-10-28 19:00,10.7,,,,1.1,,53,
108,서울,2025-10-28 20:00,9.7,,,,.7,,58,
108,서울,2025-10-28 21:00,8.9,,,,1,,61,
108,서울,2025-10-28 22:00,8.3,,,,1.4,,64,
108,서울,2025-10-28 23:00,7.6,,,,1.6,,67,
108,서울,2025-10-29 00:00,7.3,,,,1.4,,68,
108,서울,2025-10-29 01:00,7.2,,,,1.3,,66,
108,서울,2025-10-29 02:00,6.7,,,,1.9,,72,
108,서울,2025-10-29 03:00,6.4,,,,2.1,,72,
108,서울,2025-10-29 04:00,6.3,,,,2,,73,
108,서울,2025-10-29 05:00,6.5,,,,2.7,,73,
108,서울,2025-10-29 06:00,6.4,,,,2.4,,71,
108,서울,2025-10-29 07:00,6.9,,,,2.7,,70,
108,서울,2025-10-29 08:00,7.4,,,,2.3,,68,
108,서울,2025-10-29 09:00,8.8,,,,2,,65,
108,서울,2025-10-29 10:00,10.5,,,,2.5,,60,
108,서울,2025-10-29 11:00,13,,,,1.9,,55,
108,서울,2025-10-29 12:00,14.6,,,,1.4,,52,
108,서울,2025-10-29 13:00,16.4,,,,1.5,,51,
108,서울,2025-10-29 14:00,17.3,,,,1.5,,50,
108,서울,2025-10-29 15:00,18.2,,,,1.3,,47,
108,서울,2025-10-29 16:00,17.6,,,,1.8,,46,
108,서울,2025-10-29 17:00,16.8,,,,1.3,,50,
108,서울,2025-10-29 18:00,14.8,,,,.9,,62,
108,서울,2025-10-29 19:00,13.6,,,,.7,,64,
108,서울,2025-10-29 20:00,12.6,,,,1.5,,68,
108,서울,2025-10-29 21:00,12,,,,1.1,,74,
108,서울,2025-10-29 22:00,11.3,,,,.9,,72,
108,서울,2025-10-29 23:00,10.8,,,,1.6,,76,
108,서울,2025-10-30 00:00,10.2,,,,1.4,,77,
108,서울,2025-10-30 01:00,9.7,,,,1.4,,81,
108,서울,2025-10-30 02:00,9.2,,,,1,,82,
108,서울,2025-10-30 03:00,8.7,,,,1.5,,83,
108,서울,2025-10-30 04:00,8.6,,,,1.7,,84,
108,서울,2025-10-30 05:00,8.3,,,,1.4,,84,
108,서울,2025-10-30 06:00,7.9,,,,1.8,,85,
108,서울,2025-10-30 07:00,7.8,,,,1.5,,84,
108,서울,2025-10-30 08:00,8.4,,,,1.5,,83,
108,서울,2025-10-30 09:00,10.5,,,,1.3,,74,
108,서울,2025-10-30 10:00,12.8,,,,1.7,,65,
108,서울,2025-10-30 11:00,14.5,,,,2.4,,58,
108,서울,2025-10-30 12:00,15.9,,,,2.2,,53,
108,서울,2025-10-30 13:00,17.6,,,,1.1,,51,
108,서울,2025-10-30 14:00,18.1,,,,2.1,,49,
108,서울,2025-10-30 15:00,17.8,,,,2.1,,51,
108,서울,2025-10-30 16:00,17.4,,,,1.3,,54,
108,서울,2025-10-30 17:00,16.6,,,,1.6,,57,
108,서울,2025-10-30 18:00,15.5,,,,1.7,,65,
108,서울,2025-10-30 19:00,14.7,,,,1.2,,69,
108,서울,2025-10-30 20:00,14.2,,,,1.1,,70,
108,서울,2025-10-30 21:00,13.7,,,,1.6,,73,
108,서울,2025-10-30 22:00,13.2,,,,.7,,75,
108,서울,2025-10-30 23:00,12.8,,,,.7,,78,
108,서울,2025-10-31 00:00,12.5,,,,1.1,,78,
108,서울,2025-10-31 01:00,12.2,,,,.9,,78,
108,서울,2025-10-31 02:00,11.8,,,,1.1,,82,
108,서울,2025-10-31 03:00,11.7,,,,1,,83,
108,서울,2025-10-31 04:00,11.4,,,,1.4,,83,
108,서울,2025-10-31 05:00,11.4,,,,1.8,,86,
108,서울,2025-10-31 06:00,11.4,,,,1.3,,86,
108,서울,2025-10-31 07:00,11.3,,,,1.5,,86,
108,서울,2025-10-31 08:00,11.8,,,,2.2,,85,
108,서울,2025-10-31 09:00,13.1,,,,1.9,,80,
108,서울,2025-10-31 10:00,14.5,,,,2.3,,74,
108,서울,2025-10-31 11:00,15.9,,,,1.7,,64,
108,서울,2025-10-31 12:00,17.8,,,,2,,55,
108,서울,2025-10-31 13:00,19.3,,,,1,,51,
108,서울,2025-10-31 14:00,20.4,,,,1.2,,45,
108,서울,2025-10-31 15:00,20.5,,,,1.6,,50,
108,서울,2025-10-31 16:00,19.3,,,,2.2,,53,
108,서울,2025-10-31 17:00,18.2,,,,2,,55,
108,서울,2025-10-31 18:00,17.3,,,,2.6,,57,
108,서울,2025-10-31 19:00,16.8,,,,3.1,,60,
108,서울,2025-10-31 20:00,16.1,,,,3,,64,
108,서울,2025-10-31 21:00,15.6,,,,1.8,,71,
108,서울,2025-10-31 22:00,14.6,,0,,3.6,,70,
108,서울,2025-10-31 23:00,13.9,,0,,3.6,,77,
108,서울,2025-11-01 00:00,13.4,,.1,,1.5,,77,
108,서울,2025-11-01 01:00,12.9,,,9,.6,,82,
108,서울,2025-11-01 02:00,12.7,,,9,1.1,,83,
108,서울,2025-11-01 03:00,12.5,,.7,,2.9,,87,
108,서울,2025-11-01 04:00,12.4,,,9,3,,88,
108,서울,2025-11-01 05:00,12,,,9,3.7,,85,
108,서울,2025-11-01 06:00,11.7,,,9,2.2,,87,
108,서울,2025-11-01 07:00,10.8,,,9,1.9,,84,
108,서울,2025-11-01 08:00,10.6,,,9,1.4,,83,
108,서울,2025-11-01 09:00,11.8,,,9,2.2,,78,
108,서울,2025-11-01 10:00,13.2,,,9,3.1,,70,
108,서울,2025-11-01 11:00,14.2,,,9,3.9,,56,
108,서울,2025-11-01 12:00,15.7,,,9,3,,51,
108,서울,2025-11-01 13:00,16.6,,,9,3,,39,
108,서울,2025-11-01 14:00,17.2,,,9,3.8,,37,
108,서울,2025-11-01 15:00,17.3,,,9,3.8,,38,
108,서울,2025-11-01 16:00,16,,,9,2.8,,36,
108,서울,2025-11-01 17:00,15,,,9,4.1,,54,
108,서울,2025-11-01 18:00,11.9,,1.5,,2.8,,76,
108,서울,2025-11-01 19:00,11.6,,,9,.8,,79,
108,서울,2025-11-01 20:00,11.2,,,9,1,,84,
108,서울,2025-11-01 21:00,11.3,,,9,.7,,82,
108,서울,2025-11-01 22:00,11.8,,,9,1.7,,78,
108,서울,2025-11-01 23:00,11.4,,,9,1.4,,80,
108,서울,2025-11-02 00:00,10.6,,.2,,1.3,,85,
108,서울,2025-11-02 01:00,9.8,,,9,1.6,,85,
108,서울,2025-11-02 02:00,9.2,,,9,.9,,84,
108,서울,2025-11-02 03:00,8.8,,.2,,.5,,85,
108,서울,2025-11-02 04:00,8.7,,,9,.7,,84,
108,서울,2025-11-02 05:00,8.3,,,9,1,,85,
108,서울,2025-11-02 06:00,8.4,,,9,2.7,,81,
108,서울,2025-11-02 07:00,8.1,,,9,2.4,,73,
108,서울,2025-11-02 08:00,7.9,,,9,2.3,,71,
108,서울,2025-11-02 09:00,8.6,,,9,4.4,,65,
108,서울,2025-11-02 10:00,9.6,,,9,4.3,,55,
108,서울,2025-11-02 11:00,10.6,,,9,4.5,,48,
108,서울,2025-11-02 12:00,10.7,,,9,4.7,,48,
108,서울,2025-11-02 13:00,10.9,,,9,5,,44,
108,서울,2025-11-02 14:00,11.2,,,9,4.7,,41,
108,서울,2025-11-02 15:00,10.6,,,9,4.3,,41,
108,서울,2025-11-02 16:00,10.4,,,9,4.3,,40,
108,서울,2025-11-02 17:00,9.4,,,9,4.8,,41,
108,서울,2025-11-02 18:00,7.8,,,9,3.1,,45,
108,서울,2025-11-02 19:00,7.1,,,9,3.5,,49,
108,서울,2025-11-02 20:00,6.5,,,9,3,,48,
108,서울,2025-11-02 21:00,5.6,,,9,2.5,,44,
108,서울,2025-11-02 22:00,4.8,,,9,3.2,,47,
108,서울,2025-11-02 23:00,4.2,,,9,3.6,,46,
108,서울,2025-11-03 00:00,3.7,,,9,2.7,,47,
108,서울,2025-11-03 01:00,3.3,,,,3.1,,47,
108,서울,2025-11-03 02:00,3,,,,3.5,,49,
108,서울,2025-11-03 03:00,2.1,,,,1.4,,54,
108,서울,2025-11-03 04:00,1.6,,,,.5,,59,
108,서울,2025-11-03 05:00,.9,,,,.4,,59,
108,서울,2025-11-03 06:00,.8,,,,1,,68,
108,서울,2025-11-03 07:00,.8,,,,1,,63,
108,서울,2025-11-03 08:00,1,,,,1.2,,68,
108,서울,2025-11-03 09:00,3.8,,,,1.3,,56,
108,서울,2025-11-03 10:00,7.2,,,,2,,48,
108,서울,2025-11-03 11:00,9,,,,2,,43,
108,서울,2025-11-03 12:00,11,,,,1.5,,42,
108,서울,2025-11-03 13:00,12.2,,,,1.3,,40,
108,서울,2025-11-03 14:00,13.4,,,,1.5,,38,
108,서울,2025-11-03 15:00,14.5,,,,1.4,,37,
108,서울,2025-11-03 16:00,14.3,,,,.8,,36,
108,서울,2025-11-03 17:00,13,,,,1.5,,40,
108,서울,2025-11-03 18:00,10.9,,,,1.8,,46,
108,서울,2025-11-03 19:00,9.5,,,,1.9,,53,
108,서울,2025-11-03 20:00,8.7,,,,.9,,56,
108,서울,2025-11-03 21:00,7.8,,,,.4,,61,
108,서울,2025-11-03 22:00,7.6,,,,.9,,65,
108,서울,2025-11-03 23:00,7,,,,1.8,,66,
108,서울,2025-11-04 00:00,6.7,,,,1.2,,69,
108,서울,2025-11-04 01:00,6.6,,,,1.6,,69,
108,서울,2025-11-04 02:00,6.5,,,,1.3,,71,
108,서울,2025-11-04 03:00,6.5,,,,1.5,,71,
108,서울,2025-11-04 04:00,6.1,,,,1.9,,74,
108,서울,2025-11-04 05:00,6,,,,.8,,73,
108,서울,2025-11-04 06:00,5.7,,,,1.7,,75,
108,서울,2025-11-04 07:00,5.7,,,,1.3,,75,
108,서울,2025-11-04 08:00,6.3,,,,1.2,,76,
108,서울,2025-11-04 09:00,8.1,,,,1.8,,73,
108,서울,2025-11-04 10:00,10.7,,,,1.2,,61,
108,서울,2025-11-04 11:00,12.8,,,,.5,,53,
108,서울,2025-11-04 12:00,14.6,,,,1.6,,54,
108,서울,2025-11-04 13:00,15.2,,,,2.4,,50,
108,서울,2025-11-04 14:00,15.7,,,,2.5,,48,
108,서울,2025-11-04 15:00,16.2,,,,2.2,,42,
108,서울,2025-11-04 16:00,15.3,,,,1.8,,44,
108,서울,2025-11-04 17:00,14,,,,1.7,,45,
108,서울,2025-11-04 18:00,12.4,,,,2.1,,48,
108,서울,2025-11-04 19:00,11.3,,,,1.3,,53,
108,서울,2025-11-04 20:00,10.3,,,,1.1,,54,
108,서울,2025-11-04 21:00,9.6,,,,.2,,58,
108,서울,2025-11-04 22:00,9,,,,.7,,62,
108,서울,2025-11-04 23:00,8.7,,,,.8,,58,
108,서울,2025-11-05 00:00,8.1,,,,.6,,64,
108,서울,2025-11-05 01:00,7.9,,,,1.6,,60,
108,서울,2025-11-05 02:00,7.5,,,,1.5,,63,
108,서울,2025-11-05 03:00,7,,,,1.8,,66,
108,서울,2025-11-05 04:00,6.8,,,,1.2,,69,
108,서울,2025-11-05 05:00,6.4,,,,1.2,,71,
108,서울,2025-11-05 06:00,6.1,,,,2,,73,
108,서울,2025-11-05 07:00,5.7,,,,1.8,,76,
108,서울,2025-11-05 08:00,5.9,,,,2.5,,78,
108,서울,2025-11-05 09:00,8.1,,,,1.3,,73,
108,서울,2025-11-05 10:00,11.2,,,,1.3,,62,
108,서울,2025-11-05 11:00,14.1,,,,1,,53,
108,서울,2025-11-05 12:00,16,,,,1.5,,48,
108,서울,2025-11-05 13:00,16.8,,,,1.7,,45,
108,서울,2025-11-05 14:00,18.5,,,,1.2,,41,
108,서울,2025-11-05 15:00,18.7,,,,1.2,,38,
108,서울,2025-11-05 16:00,18.7,,,,2.2,,40,
108,서울,2025-11-05 17:00,17.3,,,,1.7,,44,
108,서울,2025-11-05 18:00,15.1,,,,1.6,,50,
108,서울,2025-11-05 19:00,13.5,,,,1.8,,53,
108,서울,2025-11-05 20:00,12.7,,,,1.3,,60,
108,서울,2025-11-05 21:00,11.9,,,,.2,,65,
108,서울,2025-11-05 22:00,11.5,,,,.9,,63,
108,서울,2025-11-05 23:00,10.7,,,,.6,,66,
108,서울,2025-11-06 00:00,10.1,,,,1.4,,67,
108,서울,2025-11-06 01:00,9.8,,,,.5,,69,
108,서울,2025-11-06 02:00,9.4,,,,1.5,,71,
108,서울,2025-11-06 03:00,8.7,,,,1,,74,
108,서울,2025-11-06 04:00,8.1,,,,2.2,,77,
108,서울,2025-11-06 05:00,8,,,,1.7,,79,
108,서울,2025-11-06 06:00,7.8,,,,1.3,,80,
108,서울,2025-11-06 07:00,7.5,,,,1.5,,82,
108,서울,2025-11-06 08:00,7.6,,,,1.2,,83,
108,서울,2025-11-06 09:00,9.1,,,,1.5,,82,
108,서울,2025-11-06 10:00,11.2,,,,1.3,,72,
108,서울,2025-11-06 11:00,13.4,,,,1.2,,68,
108,서울,2025-11-06 12:00,16.1,,,,2.2,,59,
108,서울,2025-11-06 13:00,17.4,,,,2.2,,53,
108,서울,2025-11-06 14:00,18.1,,,,2.7,,51,
108,서울,2025-11-06 15:00,18.5,,,,2.9,,49,
108,서울,2025-11-06 16:00,17.8,,,,2.5,,52,
108,서울,2025-11-06 17:00,16.7,,,,3.1,,58,
108,서울,2025-11-06 18:00,15.4,,,,1.2,,62,
108,서울,2025-11-06 19:00,14.2,,,,1.8,,69,
108,서울,2025-11-06 20:00,13.7,,,,.9,,71,
108,서울,2025-11-06 21:00,13.1,,,,1.5,,75,
108,서울,2025-11-06 22:00,12.6,,,,1.5,,78,
108,서울,2025-11-06 23:00,12,,,,.8,,80,
108,서울,2025-11-07 00:00,11.3,,,,1,,78,
108,서울,2025-11-07 01:00,10.5,,,,.8,,80,
108,서울,2025-11-07 02:00,10.2,,,,1.3,,82,
108,서울,2025-11-07 03:00,9.7,,,,1.6,,84,
108,서울,2025-11-07 04:00,9.2,,,,2,,86,
108,서울,2025-11-07 05:00,9.1,,,,1.6,,86,
108,서울,2025-11-07 06:00,9.1,,,,1.5,,87,
108,서울,2025-11-07 07:00,8.6,,,,2,,87,
108,서울,2025-11-07 08:00,9,,,,1.5,,90,
108,서울,2025-11-07 09:00,10.7,,,,1.3,,81,
108,서울,2025-11-07 10:00,13.2,,,,1.3,,70,
108,서울,2025-11-07 11:00,15.5,,,,2.3,,61,
108,서울,2025-11-07 12:00,17,,,,1.4,,56,
108,서울,2025-11-07 13:00,18.4,,,,2.1,,50,
108,서울,2025-11-07 14:00,19.5,,,,1.9,,46,
108,서울,2025-11-07 15:00,19.9,,,,2.4,,43,
108,서울,2025-11-07 16:00,19.9,,,,1.9,,44,
108,서울,2025-11-07 17:00,18.6,,,,2.1,,46,
108,서울,2025-11-07 18:00,16.8,,,,1.6,,54,
108,서울,2025-11-07 19:00,15.5,,,,1.6,,55,
108,서울,2025-11-07 20:00,14.5,,,,1.7,,59,
108,서울,2025-11-07 21:00,14.5,,,,3.2,,59,
108,서울,2025-11-07 22:00,14.1,,,,3.1,,60,
108,서울,2025-11-07 23:00,13.8,,,,3.5,,64,
108,서울,2025-11-08 00:00,13.1,,,,2.7,,66,
108,서울,2025-11-08 01:00,12.9,,,,3.1,,68,
108,서울,2025-11-08 02:00,13.1,,,,3.3,,68,
108,서울,2025-11-08 03:00,12.5,,,,2.5,,72,
108,서울,2025-11-08 04:00,12.4,,,,2.1,,73,
108,서울,2025-11-08 05:00,12.6,,,,2.2,,75,
108,서울,2025-11-08 06:00,12.8,,,,3,,75,
108,서울,2025-11-08 07:00,12.9,,,,2.8,,76,
108,서울,2025-11-08 08:00,13.1,,,,3.2,,75,
108,서울,2025-11-08 09:00,13.9,,,,3.2,,73,
108,서울,2025-11-08 10:00,14.9,,,,2.5,,70,
108,서울,2025-11-08 11:00,15.2,,,,1.7,,69,
108,서울,2025-11-08 12:00,16,,0,,2.1,,65,
108,서울,2025-11-08 13:00,16.8,,,9,2.4,,63,
108,서울,2025-11-08 14:00,16.9,,,9,2.1,,61,
108,서울,2025-11-08 15:00,17,,0,,2.1,,61,
108,서울,2025-11-08 16:00,16.8,,,9,1.8,,61,
108,서울,2025-11-08 17:00,16.4,,,9,1.6,,62,
108,서울,2025-11-08 18:00,15.8,,,9,1.7,,64,
108,서울,2025-11-08 19:00,15.4,,,9,1.5,,66,
108,서울,2025-11-08 20:00,15,,,9,1.4,,69,
108,서울,2025-11-08 21:00,14.7,,,9,1.2,,70,
108,서울,2025-11-08 22:00,14.3,,,9,1.9,,70,
108,서울,2025-11-08 23:00,14,,,9,1.6,,73,
108,서울,2025-11-09 00:00,13.3,,,9,1.9,,75,
108,서울,2025-11-09 01:00,12.8,,,,.9,,77,
108,서울,2025-11-09 02:00,12.3,,,,1.4,,79,
108,서울,2025-11-09 03:00,12.5,,,,1.4,,80,
108,서울,2025-11-09 04:00,12.6,,,,.2,,79,
108,서울,2025-11-09 05:00,12.8,,,,1.4,,77,
108,서울,2025-11-09 06:00,12.3,,,,1.7,,79,
108,서울,2025-11-09 07:00,11.3,,,,1.2,,81,
108,서울,2025-11-09 08:00,11,,,,1.2,,83,
108,서울,2025-11-09 09:00,12.3,,,,1.8,,83,
108,서울,2025-11-09 10:00,13.9,,,,2.4,,78,
108,서울,2025-11-09 11:00,15,,,,3,,65,
108,서울,2025-11-09 12:00,16.4,,,,2.6,,52,
108,서울,2025-11-09 13:00,17.5,,,,2.6,,37,
108,서울,2025-11-09 14:00,17.1,,,,3.5,,36,
108,서울,2025-11-09 15:00,17.2,,,,3.7,,44,
108,서울,2025-11-09 16:00,16.1,,,,3.8,,51,
108,서울,2025-11-09 17:00,14.9,,,,3.3,,56,
108,서울,2025-11-09 18:00,14,,,,3.3,,59,
108,서울,2025-11-09 19:00,13.7,,,,3,,69,
108,서울,2025-11-09 20:00,13.3,,,,3.3,,71,
108,서울,2025-11-09 21:00,12.8,,,,4.3,,61,
108,서울,2025-11-09 22:00,11.7,,,,4,,53,
108,서울,2025-11-09 23:00,11,,,,3.2,,54,
108,서울,2025-11-10 00:00,10.5,,,,3.4,,55,
108,서울,2025-11-10 01:00,10.1,,,,3.6,,52,
108,서울,2025-11-10 02:00,9.4,,,,3.3,,44,
108,서울,2025-11-10 03:00,8.1,,,,.9,,47,
108,서울,2025-11-10 04:00,7,,,,.2,,46,
108,서울,2025-11-10 05:00,6.3,,,,1.1,,46,
108,서울,2025-11-10 06:00,5.9,,,,.6,,45,
108,서울,2025-11-10 07:00,5.5,,,,.9,,41,
108,서울,2025-11-10 08:00,6,,,,3.5,,39,
108,서울,2025-11-10 09:00,7.2,,,,3,,35,
108,서울,2025-11-10 10:00,8.6,,,,2.6,,30,
108,서울,2025-11-10 11:00,10,,,,2.2,,28,
108,서울,2025-11-10 12:00,10.5,,,,4.4,,27,
108,서울,2025-11-10 13:00,11.1,,,,3.3,,28,
108,서울,2025-11-10 14:00,11.5,,,,3.4,,24,
108,서울,2025-11-10 15:00,12.3,,,,2.9,,23,
108,서울,2025-11-10 16:00,11.8,,,,3.5,,26,
108,서울,2025-11-10 17:00,10.2,,,,2.6,,27,
108,서울,2025-11-10 18:00,9,,,,2.5,,36,
108,서울,2025-11-10 19:00,8.2,,,,3.1,,40,
108,서울,2025-11-10 20:00,7.8,,,,2.6,,43,
108,서울,2025-11-10 21:00,7.3,,,,1.9,,44,
108,서울,2025-11-10 22:00,6.9,,,,2.4,,44,
108,서울,2025-11-10 23:00,6.4,,,,4.1,,41,
108,서울,2025-11-11 00:00,5.7,,,,1.8,,44,
108,서울,2025-11-11 01:00,4.6,,,,.8,,48,
108,서울,2025-11-11 02:00,4.3,,,,1,,53,
108,서울,2025-11-11 03:00,4.2,,,,.8,,52,
108,서울,2025-11-11 04:00,4,,,,1.3,,53,
108,서울,2025-11-11 05:00,4.2,,,,1.6,,56,
108,서울,2025-11-11 06:00,4.3,,,,1.2,,55,
108,서울,2025-11-11 07:00,4.1,,,,1.5,,55,
108,서울,2025-11-11 08:00,4.2,,,,.7,,54,
108,서울,2025-11-11 09:00,5.9,,,,1.2,,56,
108,서울,2025-11-11 10:00,9,,,,1.3,,48,
108,서울,2025-11-11 11:00,11.9,,,,1.7,,43,
108,서울,2025-11-11 12:00,13.1,,,,1.7,,41,
108,서울,2025-11-11 13:00,13.7,,,,3.5,,47,
108,서울,2025-11-11 14:00,15.1,,,,2.6,,44,
108,서울,2025-11-11 15:00,14.8,,,,3,,45,
108,서울,2025-11-11 16:00,14.2,,,,2.3,,46,
108,서울,2025-11-11 17:00,12.8,,,,1.8,,52,
108,서울,2025-11-11 18:00,11.7,,,,2,,60,
108,서울,2025-11-11 19:00,10.9,,,,1.2,,65,
108,서울,2025-11-11 20:00,10.1,,,,1.6,,71,
108,서울,2025-11-11 21:00,9.3,,,,1.7,,74,
108,서울,2025-11-11 22:00,8.8,,,,1,,75,
108,서울,2025-11-11 23:00,8.7,,,,1.1,,75,
108,서울,2025-11-12 00:00,7.8,,,,1.7,,78,
108,서울,2025-11-12 01:00,7.6,,,,1.3,,79,
108,서울,2025-11-12 02:00,7.4,,,,1.3,,80,
108,서울,2025-11-12 03:00,7.1,,,,1.5,,82,
108,서울,2025-11-12 04:00,6.6,,,,1,,83,
108,서울,2025-11-12 05:00,6.3,,,,2.1,,85,
108,서울,2025-11-12 06:00,6,,,,1.5,,85,
108,서울,2025-11-12 07:00,6,,,,1.8,,85,
108,서울,2025-11-12 08:00,6.6,,,,1.7,,83,
108,서울,2025-11-12 09:00,8,,,,1.7,,76,
108,서울,2025-11-12 10:00,10.4,,,,1.8,,65,
108,서울,2025-11-12 11:00,12.9,,,,1.2,,58,
108,서울,2025-11-12 12:00,15,,,,1.3,,53,
108,서울,2025-11-12 13:00,16.8,,,,1.3,,49,
108,서울,2025-11-12 14:00,17.1,,,,2,,44,
108,서울,2025-11-12 15:00,17.7,,,,2.1,,37,
108,서울,2025-11-12 16:00,16.9,,,,1.9,,40,
108,서울,2025-11-12 17:00,15.1,,,,2.6,,54,
108,서울,2025-11-12 18:00,13.5,,,,2.9,,60,
108,서울,2025-11-12 19:00,12.4,,,,2.3,,69,
108,서울,2025-11-12 20:00,11.3,,,,1.5,,68,
108,서울,2025-11-12 21:00,10.6,,,,1.9,,63,
108,서울,2025-11-12 22:00,9.6,,,,1.3,,70,
108,서울,2025-11-12 23:00,8.8,,,,1.7,,70,
108,서울,2025-11-13 00:00,8.2,,,,1.3,,68,
108,서울,2025-11-13 01:00,7.6,,,,.3,,66,
108,서울,2025-11-13 02:00,7.5,,,,.8,,69,
108,서울,2025-11-13 03:00,7.2,,,,.1,,74,
108,서울,2025-11-13 04:00,7.2,,,,.2,,77,
108,서울,2025-11-13 05:00,6.8,,,,1.7,,77,
108,서울,2025-11-13 06:00,7.6,,,,2.1,,82,
108,서울,2025-11-13 07:00,7.7,,,,2.4,,79,
108,서울,2025-11-13 08:00,8.1,,,,2.6,,81,
108,서울,2025-11-13 09:00,9.3,,,,2.2,,80,
108,서울,2025-11-13 10:00,10.8,,,,1.2,,77,
108,서울,2025-11-13 11:00,13,,,,1.1,,75,
108,서울,2025-11-13 12:00,15.5,,,,1.8,,68,
108,서울,2025-11-13 13:00,16.6,,,,3,,50,
108,서울,2025-11-13 14:00,16.9,,,,3,,38,
108,서울,2025-11-13 15:00,17.3,,,,2.4,,38,
108,서울,2025-11-13 16:00,16.3,,,,3.1,,36,
108,서울,2025-11-13 17:00,14.6,,,,1.8,,45,
108,서울,2025-11-13 18:00,13.4,,,,2.4,,58,
108,서울,2025-11-13 19:00,12.3,,,,2,,62,
108,서울,2025-11-13 20:00,11.6,,,,2.9,,63,
108,서울,2025-11-13 21:00,11,,,,2.7,,59,
108,서울,2025-11-13 22:00,9.9,,,,1.6,,56,
108,서울,2025-11-13 23:00,8.7,,,,1.1,,60,
108,서울,2025-11-14 00:00,7.6,,,,1.9,,64,
108,서울,2025-11-14 01:00,7.3,,,,2.7,,66,
108,서울,2025-11-14 02:00,6.7,,,,2.7,,68,
108,서울,2025-11-14 03:00,6.6,,,,2.6,,66,
108,서울,2025-11-14 04:00,5.9,,,,1.3,,67,
108,서울,2025-11-14 05:00,5.6,,,,1.7,,69,
108,서울,2025-11-14 06:00,5.2,,,,1.1,,67,
108,서울,2025-11-14 07:00,4.9,,,,1.3,,69,
108,서울,2025-11-14 08:00,4.6,,,,1.1,,68,
108,서울,2025-11-14 09:00,6.7,,,,1.2,,61,
108,서울,2025-11-14 10:00,9.6,,,,1.9,,52,
108,서울,2025-11-14 11:00,11.5,,,,2.3,,41,
108,서울,2025-11-14 12:00,12.6,,,,3.8,,34,
108,서울,2025-11-14 13:00,13.5,,,,3.4,,30,
108,서울,2025-11-14 14:00,14.8,,,,2.3,,32,
108,서울,2025-11-14 15:00,14.6,,,,3.1,,33,
108,서울,2025-11-14 16:00,14.3,,,,2,,32,
108,서울,2025-11-14 17:00,12.6,,,,1.7,,36,
108,서울,2025-11-14 18:00,11.2,,,,1.3,,42,
108,서울,2025-11-14 19:00,10.3,,,,1.5,,52,
108,서울,2025-11-14 20:00,9.5,,,,1.7,,58,
108,서울,2025-11-14 21:00,8.9,,,,1.3,,61,
108,서울,2025-11-14 22:00,8.1,,,,1.6,,65,
108,서울,2025-11-14 23:00,7.5,,,,1.2,,66,
108,서울,2025-11-15 00:00,6.8,,,,.8,,66,
108,서울,2025-11-15 01:00,6.4,,,,1.4,,67,
108,서울,2025-11-15 02:00,6,,,,.1,,70,
108,서울,2025-11-15 03:00,5.6,,,,1.1,,68,
108,서울,2025-11-15 04:00,5.2,,,,1.9,,68,
108,서울,2025-11-15 05:00,4.9,,,,.6,,69,
108,서울,2025-11-15 06:00,4.5,,,,1.7,,70,
108,서울,2025-11-15 07:00,3.9,,,,2.2,,72,
108,서울,2025-11-15 08:00,3.7,,,,2.2,,74,
108,서울,2025-11-15 09:00,5.9,,,,2.1,,67,
108,서울,2025-11-15 10:00,8.7,,,,1.8,,53,
108,서울,2025-11-15 11:00,11.3,,,,1.1,,44,
108,서울,2025-11-15 12:00,14.2,,,,1,,39,
108,서울,2025-11-15 13:00,15,,,,1.7,,30,
108,서울,2025-11-15 14:00,16.7,,,,.8,,27,
108,서울,2025-11-15 15:00,17.3,,,,2,,24,
108,서울,2025-11-15 16:00,16.9,,,,1.6,,22,
108,서울,2025-11-15 17:00,14.7,,,,1.5,,24,
108,서울,2025-11-15 18:00,13,,,,1.4,,31,
108,서울,2025-11-15 19:00,11.7,,,,.9,,36,
108,서울,2025-11-15 20:00,10.6,,,,.9,,40,
108,서울,2025-11-15 21:00,9.5,,,,1.7,,45,
108,서울,2025-11-15 22:00,8.9,,,,.8,,49,
108,서울,2025-11-15 23:00,8.6,,,,1.5,,48,
108,서울,2025-11-16 00:00,8,,,,1.4,,49,
108,서울,2025-11-16 01:00,7.5,,,,1.8,,53,
108,서울,2025-11-16 02:00,7,,,,2.1,,55,
108,서울,2025-11-16 03:00,6.3,,,,1.5,,55,
108,서울,2025-11-16 04:00,6.6,,,,1.4,,56,
108,서울,2025-11-16 05:00,6.2,,,,1.6,,58,
108,서울,2025-11-16 06:00,5.8,,,,1.7,,60,
108,서울,2025-11-16 07:00,5.7,,,,1.2,,62,
108,서울,2025-11-16 08:00,5.7,,,,1.1,,62,
108,서울,2025-11-16 09:00,7.6,,,,1.3,,56,
108,서울,2025-11-16 10:00,10.5,,,,1.4,,48,
108,서울,2025-11-16 11:00,12.8,,,,2.5,,42,
108,서울,2025-11-16 12:00,16.5,,,,2.2,,38,
108,서울,2025-11-16 13:00,17.8,,,,2.2,,29,
108,서울,2025-11-16 14:00,18.4,,,,4.2,,28,
108,서울,2025-11-16 15:00,17.4,,,,4.3,,47,
108,서울,2025-11-16 16:00,16.6,,,,3.1,,56,
108,서울,2025-11-16 17:00,15.7,,,,2.8,,61,
108,서울,2025-11-16 18:00,15.1,,,,2.9,,70,
108,서울,2025-11-16 19:00,14.9,,,,3.3,,73,
108,서울,2025-11-16 20:00,14.8,,,9,3,,76,
108,서울,2025-11-16 21:00,14.1,,.3,,2.6,,82,
108,서울,2025-11-16 22:00,13.9,,,9,3,,84,
108,서울,2025-11-16 23:00,12.5,,,9,3.9,,75,
108,서울,2025-11-17 00:00,9.7,,,9,3.9,,59,
108,서울,2025-11-17 01:00,8.5,,,,2.9,,55,
108,서울,2025-11-17 02:00,7.7,,,,3.8,,52,
108,서울,2025-11-17 03:00,6.3,,,,4.6,,32,
108,서울,2025-11-17 04:00,5.3,,,,3.6,,35,
108,서울,2025-11-17 05:00,4.5,,,,3.1,,25,
108,서울,2025-11-17 06:00,4.1,,,,4.2,,27,
108,서울,2025-11-17 07:00,3.7,,,,3.6,,27,
108,서울,2025-11-17 08:00,3.3,,,,2.8,,30,
108,서울,2025-11-17 09:00,3.2,,,,4.6,,32,
108,서울,2025-11-17 10:00,3.8,,,,3.5,,34,
108,서울,2025-11-17 11:00,3.8,,,,4.6,,32,
108,서울,2025-11-17 12:00,3.8,,,,4.3,,28,
108,서울,2025-11-17 13:00,4.6,,,,4,,30,
108,서울,2025-11-17 14:00,4.7,,,,4.5,,35,
108,서울,2025-11-17 15:00,5.2,,,,4.1,,32,
108,서울,2025-11-17 16:00,5.1,,,,5.1,,34,
108,서울,2025-11-17 17:00,3.7,,,,3.4,,36,
108,서울,2025-11-17 18:00,3,,,,4.2,,43,
108,서울,2025-11-17 19:00,2.4,,,,3.9,,47,
108,서울,2025-11-17 20:00,1.4,,,,4.9,,48,
108,서울,2025-11-17 21:00,.6,,,,2.9,,50,
108,서울,2025-11-17 22:00,.2,,,,2.7,,52,
108,서울,2025-11-17 23:00,-.1,,,,1.7,,53,
108,서울,2025-11-18 00:00,-.6,,,,1.3,,55,
108,서울,2025-11-18 01:00,-1,,,,1.4,,55,
108,서울,2025-11-18 02:00,-1.5,,,,2.1,,56,
108,서울,2025-11-18 03:00,-1.6,,,,1.2,,55,
108,서울,2025-11-18 04:00,-1.6,,,,2.3,,54,
108,서울,2025-11-18 05:00,-1.9,,,,2.1,,55,
108,서울,2025-11-18 06:00,-2,,,,2,,56,
108,서울,2025-11-18 07:00,-1.7,,,,3.3,,55,
108,서울,2025-11-18 08:00,-1.9,,,,1.6,,57,
108,서울,2025-11-18 09:00,-.9,,,,2.4,,49,
108,서울,2025-11-18 10:00,1.1,,,,3.2,,40,
108,서울,2025-11-18 11:00,2.9,,,,2.7,,33,
108,서울,2025-11-18 12:00,4.3,,,,3.2,,31,
108,서울,2025-11-18 13:00,5.4,,,,3.8,,31,
108,서울,2025-11-18 14:00,5.7,,,,2.4,,31,
108,서울,2025-11-18 15:00,6.3,,,,3.4,,33,
108,서울,2025-11-18 16:00,5.3,,,,3.7,,37,
108,서울,2025-11-18 17:00,4.3,,,,2.7,,40,
108,서울,2025-11-18 18:00,3.4,,,,2.5,,45,
108,서울,2025-11-18 19:00,3,,,,2.8,,48,
108,서울,2025-11-18 20:00,2.6,,,,2.2,,53,
108,서울,2025-11-18 21:00,2.1,,,,.9,,54,
108,서울,2025-11-18 22:00,2.2,,,,2.2,,53,
108,서울,2025-11-18 23:00,1.6,,,,1.2,,51,
108,서울,2025-11-19 00:00,.8,,,,2.4,,54,
108,서울,2025-11-19 01:00,.4,,,,2.4,,53,
108,서울,2025-11-19 02:00,-.1,,,,1.4,,54,
108,서울,2025-11-19 03:00,-.5,,,,1.5,,56,
108,서울,2025-11-19 04:00,-.8,,,,1.3,,58,
108,서울,2025-11-19 05:00,-1.2,,,,.5,,57,
108,서울,2025-11-19 06:00,-1.2,,,,.8,,57,
108,서울,2025-11-19 07:00,-1.4,,,,1.6,,59,
108,서울,2025-11-19 08:00,-1.4,,,,1.9,,62,
108,서울,2025-11-19 09:00,0,,,,1.1,,59,
108,서울,2025-11-19 10:00,3.3,,,,1.3,,43,
108,서울,2025-11-19 11:00,4.9,,,,2.2,,33,
108,서울,2025-11-19 12:00,6.5,,,,2,,31,
108,서울,2025-11-19 13:00,7.5,,,,2.6,,30,
108,서울,2025-11-19 14:00,8.3,,,,2.4,,30,
108,서울,2025-11-19 15:00,8.5,,,,1.8,,30,
108,서울,2025-11-19 16:00,8,,,,2.9,,32,
108,서울,2025-11-19 17:00,6.3,,,,2.9,,41,
108,서울,2025-11-19 18:00,5.1,,,,2.1,,48,
108,서울,2025-11-19 19:00,4.3,,,,1.6,,53,
108,서울,2025-11-19 20:00,3.8,,,,1.1,,56,
108,서울,2025-11-19 21:00,3.2,,,,.4,,58,
108,서울,2025-11-19 22:00,2.7,,,,.5,,62,
108,서울,2025-11-19 23:00,2.4,,,,.9,,65,
108,서울,2025-11-20 00:00,2.3,,,,1,,62,
108,서울,2025-11-20 01:00,1.7,,,,2.1,,64,
108,서울,2025-11-20 02:00,1.9,,,,1.7,,65,
108,서울,2025-11-20 03:00,2.6,,,,1.5,,64,
108,서울,2025-11-20 04:00,3.1,,,,1.9,,64,
108,서울,2025-11-20 05:00,3.3,,,,2.1,,64,
108,서울,2025-11-20 06:00,3.6,,,,1.8,,64,
108,서울,2025-11-20 07:00,3.7,,,,1.7,,65,
108,서울,2025-11-20 08:00,4,,,,2.2,,67,
108,서울,2025-11-20 09:00,5,,,,1.8,,66,
108,서울,2025-11-20 10:00,7.4,,,,1.1,,61,
108,서울,2025-11-20 11:00,9.8,,,,1.2,,57,
108,서울,2025-11-20 12:00,12.2,,,,2.8,,55,
108,서울,2025-11-20 13:00,13.2,,,,3.9,,56,
108,서울,2025-11-20 14:00,13.7,,,,5,,59,
108,서울,2025-11-20 15:00,14.6,,,,2.5,,52,
108,서울,2025-11-20 16:00,13.9,,,,3.6,,51,
108,서울,2025-11-20 17:00,11.9,,,,3.4,,49,
108,서울,2025-11-20 18:00,10.7,,,,4.3,,63,
108,서울,2025-11-20 19:00,9.4,,,,3.6,,50,
108,서울,2025-11-20 20:00,8.1,,,,3.7,,37,
108,서울,2025-11-20 21:00,7,,,,3.9,,51,
108,서울,2025-11-20 22:00,5.5,,,,3.6,,52,
108,서울,2025-11-20 23:00,4.6,,,,1.6,,52,
108,서울,2025-11-21 00:00,3.6,,,,.6,,55,
108,서울,2025-11-21 01:00,2.9,,,,1,,57,
108,서울,2025-11-21 02:00,2.7,,,,.3,,59,
108,서울,2025-11-21 03:00,2.4,,,,.6,,63,
108,서울,2025-11-21 04:00,1.8,,,,.6,,63,
108,서울,2025-11-21 05:00,1.5,,,,.6,,66,
108,서울,2025-11-21 06:00,1.4,,,,1.1,,68,
108,서울,2025-11-21 07:00,1,,,,.5,,70,
108,서울,2025-11-21 08:00,1.2,,,,.4,,69,
108,서울,2025-11-21 09:00,3,,,,1.9,,62,
108,서울,2025-11-21 10:00,6.3,,,,1.7,,49,
108,서울,2025-11-21 11:00,8.8,,,,2.3,,37,
108,서울,2025-11-21 12:00,10.8,,,,2.1,,32,
108,서울,2025-11-21 13:00,11.5,,,,4.5,,35,
108,서울,2025-11-21 14:00,12.3,,,,3.5,,40,
108,서울,2025-11-21 15:00,11.3,,,,3.4,,46,
108,서울,2025-11-21 16:00,11.4,,,,3.7,,49,
108,서울,2025-11-21 17:00,10.5,,,,3.3,,54,
108,서울,2025-11-21 18:00,10.4,,,,2.6,,57,
108,서울,2025-11-21 19:00,10.3,,,,2.2,,61,
108,서울,2025-11-21 20:00,10.2,,,,1.8,,63,
108,서울,2025-11-21 21:00,10.5,,,,2.4,,67,
108,서울,2025-11-21 22:00,10.2,,,,2.4,,70,
108,서울,2025-11-21 23:00,9.7,,,,1.9,,72,
108,서울,2025-11-22 00:00,9.3,,,,1.4,,73,
108,서울,2025-11-22 01:00,8.7,,,,.6,,73,
108,서울,2025-11-22 02:00,7.9,,,,.9,,79,
108,서울,2025-11-22 03:00,7.2,,,,.8,,81,
108,서울,2025-11-22 04:00,6.8,,,,.1,,82,
108,서울,2025-11-22 05:00,6.7,,,,1.1,,83,
108,서울,2025-11-22 06:00,6.2,,,,1.4,,84,
108,서울,2025-11-22 07:00,5.7,,,,1.6,,84,
108,서울,2025-11-22 08:00,5.5,,,,2.1,,86,
108,서울,2025-11-22 09:00,6.7,,,,1.7,,84,
108,서울,2025-11-22 10:00,7.9,,,,1.9,,78,
108,서울,2025-11-22 11:00,10.6,,,,1.7,,70,
108,서울,2025-11-22 12:00,13.5,,,,2.3,,56,
108,서울,2025-11-22 13:00,13.2,,,,2.5,,52,
108,서울,2025-11-22 14:00,14.5,,,,3.3,,44,
108,서울,2025-11-22 15:00,14.8,,,,4.2,,40,
108,서울,2025-11-22 16:00,14.2,,,,3.7,,36,
108,서울,2025-11-22 17:00,12.7,,,,2.6,,39,
108,서울,2025-11-22 18:00,11.7,,,,1.4,,46,
108,서울,2025-11-22 19:00,10.6,,,,1.3,,51,
108,서울,2025-11-22 20:00,9.6,,,,1.2,,57,
108,서울,2025-11-22 21:00,8.8,,,,.4,,61,
108,서울,2025-11-22 22:00,8.9,,,,1.7,,66,
108,서울,2025-11-22 23:00,8.2,,,,1.3,,67,
108,서울,2025-11-23 00:00,7.8,,,,1.5,,70,
108,서울,2025-11-23 01:00,7.4,,,,1.7,,70,
108,서울,2025-11-23 02:00,6.9,,,,1.8,,71,
108,서울,2025-11-23 03:00,6.7,,,,1.4,,74,
108,서울,2025-11-23 04:00,7.2,,,,1.4,,74,
108,서울,2025-11-23 05:00,7.6,,,,.7,,76,
108,서울,2025-11-23 06:00,8.1,,,,1.5,,74,
108,서울,2025-11-23 07:00,8.2,,,,1.8,,75,
108,서울,2025-11-23 08:00,8.3,,,,1.6,,75,
108,서울,2025-11-23 09:00,8.9,,,,1.7,,75,
108,서울,2025-11-23 10:00,9.8,,,,1.6,,72,
108,서울,2025-11-23 11:00,11.3,,,,1.8,,67,
108,서울,2025-11-23 12:00,12.6,,,,2.7,,64,
108,서울,2025-11-23 13:00,13.3,,,,3.2,,64,
108,서울,2025-11-23 14:00,13.9,,,,3.3,,61,
108,서울,2025-11-23 15:00,13.9,,,,4.2,,61,
108,서울,2025-11-23 16:00,14.1,,,,3.2,,61,
108,서울,2025-11-23 17:00,13.4,,,,2.7,,63,
108,서울,2025-11-23 18:00,13,,,,2.8,,66,
108,서울,2025-11-23 19:00,12.6,,,,2.3,,69,
108,서울,2025-11-23 20:00,12.4,,,,1.8,,70,
108,서울,2025-11-23 21:00,12.3,,,,2.1,,71,
108,서울,2025-11-23 22:00,12.5,,,,2.7,,74,
108,서울,2025-11-23 23:00,12.3,,,,1.1,,73,
108,서울,2025-11-24 00:00,12,,,,.7,,72,
108,서울,2025-11-24 01:00,11.8,,,,.4,,74,
108,서울,2025-11-24 02:00,11.8,,,,.8,,75,
108,서울,2025-11-24 03:00,11.7,,,,.7,,75,
108,서울,2025-11-24 04:00,11.4,,,,1.4,,76,
108,서울,2025-11-24 05:00,11.3,,,,1.4,,75,
108,서울,2025-11-24 06:00,11.3,,,,1.9,,75,
108,서울,2025-11-24 07:00,11.1,,,,1.2,,76,
108,서울,2025-11-24 08:00,10.4,,,,2.1,,79,
108,서울,2025-11-24 09:00,11.1,,,,2,,78,
108,서울,2025-11-24 10:00,12.1,,,,1.6,,76,
108,서울,2025-11-24 11:00,13.2,,,,1.3,,74,
108,서울,2025-11-24 12:00,14.3,,,,2.1,,72,
108,서울,2025-11-24 13:00,15.3,,,,1.9,,68,
108,서울,2025-11-24 14:00,16.4,,,,3.2,,60,
108,서울,2025-11-24 15:00,16.6,,,,3.8,,52,
108,서울,2025-11-24 16:00,16,,,,2.7,,41,
108,서울,2025-11-24 17:00,14.5,,,,2.6,,48,
108,서울,2025-11-24 18:00,13.2,,,,2.5,,59,
108,서울,2025-11-24 19:00,12.2,,,,1.7,,65,
108,서울,2025-11-24 20:00,11.6,,,,1.8,,75,
108,서울,2025-11-24 21:00,11.3,,,,2.4,,82,
108,서울,2025-11-24 22:00,10.7,,,,1.5,,82,
108,서울,2025-11-24 23:00,10.2,,,,1.2,,85,
108,서울,2025-11-25 00:00,9.6,,,,.6,,87,
108,서울,2025-11-25 01:00,9.1,,,,.2,,87,
108,서울,2025-11-25 02:00,8.9,,,,.2,,90,
108,서울,2025-11-25 03:00,8.5,,,,.1,,89,
108,서울,2025-11-25 04:00,8.4,,,,1.5,,91,
108,서울,2025-11-25 05:00,8.3,,,,1.6,,91,
108,서울,2025-11-25 06:00,8.6,,0,,1.6,,93,
108,서울,2025-11-25 07:00,8.3,,,9,1.1,,91,
108,서울,2025-11-25 08:00,8.2,,,9,.9,,93,
108,서울,2025-11-25 09:00,8.5,,6.2,,1.4,,91,
108,서울,2025-11-25 10:00,8.1,,,9,2,,89,
108,서울,2025-11-25 11:00,8,,,9,3.6,,89,
108,서울,2025-11-25 12:00,8.6,,1.6,,4.1,,79,
108,서울,2025-11-25 13:00,8.5,,,9,4.2,,75,
108,서울,2025-11-25 14:00,7.9,,,9,4.3,,72,
108,서울,2025-11-25 15:00,7.4,,0,,3.8,,73,
108,서울,2025-11-25 16:00,6.9,,,9,3,,73,
108,서울,2025-11-25 17:00,6.5,,,9,4.1,,73,
108,서울,2025-11-25 18:00,6.3,,,9,3.3,,76,
108,서울,2025-11-25 19:00,6.1,,,9,3,,77,
108,서울,2025-11-25 20:00,5.9,,,9,2.4,,76,
108,서울,2025-11-25 21:00,5.7,,,9,2.8,,76,
108,서울,2025-11-25 22:00,5.7,,,9,3.1,,77,
108,서울,2025-11-25 23:00,5.4,,,9,2.9,,73,
108,서울,2025-11-26 00:00,5.3,,,9,1.9,,72,
108,서울,2025-11-26 01:00,5.3,,,,2.1,,70,
108,서울,2025-11-26 02:00,5.2,,,,1.9,,71,
108,서울,2025-11-26 03:00,5.2,,,,1.2,,71,
108,서울,2025-11-26 04:00,5.2,,,,1.5,,69,
108,서울,2025-11-26 05:00,5.3,,,,1.5,,70,
108,서울,2025-11-26 06:00,4.4,,,,.5,,71,
108,서울,2025-11-26 07:00,3.8,,,,.5,,76,
108,서울,2025-11-26 08:00,3.5,,,,.7,,80,
108,서울,2025-11-26 09:00,4.3,,,,2,,79,
108,서울,2025-11-26 10:00,6.9,,,,1,,65,
108,서울,2025-11-26 11:00,8.2,,,,2.2,,53,
108,서울,2025-11-26 12:00,9.9,,,,2.1,,52,
108,서울,2025-11-26 13:00,10.8,,,,3.2,,48,
108,서울,2025-11-26 14:00,9.5,,,,1.9,,51,
108,서울,2025-11-26 15:00,9.8,,,,2.5,,52,
108,서울,2025-11-26 16:00,9.6,,,,2.8,,52,
108,서울,2025-11-26 17:00,8.7,,,,1.8,,54,
108,서울,2025-11-26 18:00,7.7,,,,1.5,,58,
108,서울,2025-11-26 19:00,6.7,,,,.6,,62,
108,서울,2025-11-26 20:00,6.2,,,,.8,,68,
108,서울,2025-11-26 21:00,5.6,,,,.1,,71,
108,서울,2025-11-26 22:00,5.3,,,,.8,,74,
108,서울,2025-11-26 23:00,5,,,,1.8,,74,
108,서울,2025-11-27 00:00,4.4,,,,1.7,,77,
108,서울,2025-11-27 01:00,3.8,,,,1.6,,80,
108,서울,2025-11-27 02:00,3.9,,,,1.7,,80,
108,서울,2025-11-27 03:00,3.9,,,,3,,79,
108,서울,2025-11-27 04:00,4.3,,,,1.7,,78,
108,서울,2025-11-27 05:00,4.7,,,,2.8,,76,
108,서울,2025-11-27 06:00,4.9,,,,3,,75,
108,서울,2025-11-27 07:00,5.4,,,9,3.1,,78,
108,서울,2025-11-27 08:00,5.4,,,9,3.3,,80,
108,서울,2025-11-27 09:00,6,,.1,,3.3,,78,
108,서울,2025-11-27 10:00,5.9,,,9,1.4,,84,
108,서울,2025-11-27 11:00,6.2,,,9,3.1,,90,
108,서울,2025-11-27 12:00,6.7,,7.4,,1.6,,93,
108,서울,2025-11-27 13:00,8.4,,,9,2.4,,90,
108,서울,2025-11-27 14:00,7.5,,,9,4.3,,86,
108,서울,2025-11-27 15:00,6.4,,2.5,,3.1,,87,
108,서울,2025-11-27 16:00,6.6,,,9,3.8,,84,
108,서울,2025-11-27 17:00,6.7,,,9,4.8,,73,
108,서울,2025-11-27 18:00,5.8,,0,,4.2,,70,
108,서울,2025-11-27 19:00,4.9,,,9,2.7,,68,
108,서울,2025-11-27 20:00,4.7,,,9,4,,70,
108,서울,2025-11-27 21:00,4.5,,,9,4.1,,72,
108,서울,2025-11-27 22:00,3.8,,,9,4.1,,67,
108,서울,2025-11-27 23:00,2.9,,,9,3.9,,65,
108,서울,2025-11-28 00:00,2.5,,,9,3.5,,65,
108,서울,2025-11-28 01:00,2.1,,,,3.3,,69,
108,서울,2025-11-28 02:00,1.4,,,,2.5,,68,
108,서울,2025-11-28 03:00,.7,,,,2.5,,70,
108,서울,2025-11-28 04:00,.1,,,,1.9,,70,
108,서울,2025-11-28 05:00,-.5,,,,.3,,72,
108,서울,2025-11-28 06:00,-.7,,,,1.2,,71,
108,서울,2025-11-28 07:00,-1.1,,,,1.6,,69,
108,서울,2025-11-28 08:00,-1.3,,,,2,,72,
108,서울,2025-11-28 09:00,-.3,,,,2.1,,67,
108,서울,2025-11-28 10:00,1.5,,,,2.4,,60,
108,서울,2025-11-28 11:00,4.3,,,,2.3,,48,
108,서울,2025-11-28 12:00,4.7,,,,1.1,,42,
108,서울,2025-11-28 13:00,6.3,,,,2,,38,
108,서울,2025-11-28 14:00,6.7,,,,2.4,,35,
108,서울,2025-11-28 15:00,6.6,,,,2.2,,35,
108,서울,2025-11-28 16:00,6.5,,,,2.8,,38,
108,서울,2025-11-28 17:00,5.4,,,,1.4,,40,
108,서울,2025-11-28 18:00,4.3,,,,.6,,45,
108,서울,2025-11-28 19:00,3.2,,,,.7,,49,
108,서울,2025-11-28 20:00,2.4,,,,1.7,,54,
108,서울,2025-11-28 21:00,1.8,,,,1.7,,57,
108,서울,2025-11-28 22:00,1.5,,,,2.6,,61,
108,서울,2025-11-28 23:00,1.1,,,,1.8,,61,
108,서울,2025-11-29 00:00,.9,,,,2.2,,64,
108,서울,2025-11-29 01:00,.9,,,,2.9,,62,
108,서울,2025-11-29 02:00,.6,,,,2.2,,60,
108,서울,2025-11-29 03:00,.6,,,,1.7,,62,
108,서울,2025-11-29 04:00,.7,,,,2.1,,61,
108,서울,2025-11-29 05:00,.5,,,,1.6,,62,
108,서울,2025-11-29 06:00,.4,,,,2.8,,63,
108,서울,2025-11-29 07:00,.3,,,,2.4,,63,
108,서울,2025-11-29 08:00,.5,,,,2.7,,62,
108,서울,2025-11-29 09:00,1.7,,,,1.7,,59,
108,서울,2025-11-29 10:00,4.2,,,,2.6,,51,
108,서울,2025-11-29 11:00,5.5,,,,2.9,,47,
108,서울,2025-11-29 12:00,6.9,,,,2.5,,44,
108,서울,2025-11-29 13:00,7.6,,,,2.7,,44,
108,서울,2025-11-29 14:00,8.8,,,,2.5,,44,
108,서울,2025-11-29 15:00,9.2,,,,2.2,,49,
108,서울,2025-11-29 16:00,8.9,,,,2.7,,48,
108,서울,2025-11-29 17:00,8.6,,,,3,,51,
108,서울,2025-11-29 18:00,8.6,,,,2.2,,53,
108,서울,2025-11-29 19:00,8.5,,,,2.5,,55,
108,서울,2025-11-29 20:00,8.7,,,,1.5,,54,
108,서울,2025-11-29 21:00,8.7,,0,,1.4,,58,
108,서울,2025-11-29 22:00,8.9,,,9,1.3,,61,
108,서울,2025-11-29 23:00,9.2,,,9,1.3,,68,
108,서울,2025-11-30 00:00,9.2,,.1,,1.8,,69,
108,서울,2025-11-30 01:00,9.2,,,,.2,,70,
108,서울,2025-11-30 02:00,9.6,,,,.4,,75,
108,서울,2025-11-30 03:00,10.1,,,,.3,,84,
108,서울,2025-11-30 04:00,10.2,,,,.9,,85,
108,서울,2025-11-30 05:00,10.8,,,,1.1,,91,
108,서울,2025-11-30 06:00,10.1,,,,.8,,85,
108,서울,2025-11-30 07:00,10.4,,,,.3,,89,
108,서울,2025-11-30 08:00,9.9,,,,.8,,86,
108,서울,2025-11-30 09:00,10,,,,1.5,,89,
108,서울,2025-11-30 10:00,11.8,,,,.9,,87,
108,서울,2025-11-30 11:00,13.5,,,,1.7,,79,
108,서울,2025-11-30 12:00,13.9,,,,2.4,,74,
108,서울,2025-11-30 13:00,15.6,,,,2.8,,67,
108,서울,2025-11-30 14:00,15.8,,,,3,,62,
108,서울,2025-11-30 15:00,15.9,,,,3.2,,60,
108,서울,2025-11-30 16:00,15.6,,,,2.9,,59,
108,서울,2025-11-30 17:00,14.8,,,,2.3,,65,
108,서울,2025-11-30 18:00,13.9,,,,1.8,,71,
108,서울,2025-11-30 19:00,13.3,,,,1.9,,76,
108,서울,2025-11-30 20:00,13.3,,,,2.9,,81,
108,서울,2025-11-30 21:00,12.8,,,,3.4,,84,
108,서울,2025-11-30 22:00,12.6,,,,3,,86,
108,서울,2025-11-30 23:00,12.6,,,,2.1,,87,
108,서울,2025-12-01 00:00,12.2,,,,2.8,,83,
108,서울,2025-12-01 01:00,11.5,,,,3.4,,81,
108,서울,2025-12-01 02:00,9.2,,,,4.3,,56,
108,서울,2025-12-01 03:00,7.7,,,,2.7,,54,
108,서울,2025-12-01 04:00,6.4,,,,2.3,,54,
108,서울,2025-12-01 05:00,5.5,,,,2.1,,52,
108,서울,2025-12-01 06:00,4.8,,,,2.4,,56,
108,서울,2025-12-01 07:00,4.2,,,,2.6,,68,
108,서울,2025-12-01 08:00,3.8,,,,3.4,,62,
108,서울,2025-12-01 09:00,3.8,,,,4.1,,65,
108,서울,2025-12-01 10:00,4.5,,,,2.9,,62,
108,서울,2025-12-01 11:00,6,,,,2.8,,58,
108,서울,2025-12-01 12:00,6.6,,,,3.2,,51,
108,서울,2025-12-01 13:00,8.4,,,,2.7,,45,
108,서울,2025-12-01 14:00,8.9,,,,3.5,,39,
108,서울,2025-12-01 15:00,8.8,,,,3.1,,32,
108,서울,2025-12-01 16:00,8.6,,,,2.8,,37,
108,서울,2025-12-01 17:00,6.9,,,,3.1,,37,
108,서울,2025-12-01 18:00,5.9,,,,2.8,,46,
108,서울,2025-12-01 19:00,5,,,,2,,52,
108,서울,2025-12-01 20:00,4.5,,,,2.2,,55,
108,서울,2025-12-01 21:00,4.4,,,,2.4,,57,
108,서울,2025-12-01 22:00,3.8,,,,4.6,,45,
108,서울,2025-12-01 23:00,2.9,,,,4.2,,43,
108,서울,2025-12-02 00:00,2.3,,,,3.9,,43,
108,서울,2025-12-02 01:00,2.2,,,,2.3,,47,
108,서울,2025-12-02 02:00,2.5,,,,2.2,,51,
108,서울,2025-12-02 03:00,2.4,,,,1.1,,53,
108,서울,2025-12-02 04:00,2.3,,,,1.5,,53,
108,서울,2025-12-02 05:00,1.9,,,,3.6,,54,
108,서울,2025-12-02 06:00,1.3,,,,3.5,,53,
108,서울,2025-12-02 07:00,.8,,,,3.2,,46,
108,서울,2025-12-02 08:00,.4,,,,2.3,,38,
108,서울,2025-12-02 09:00,.7,,,,2.9,,37,
108,서울,2025-12-02 10:00,1.6,,,,4.5,,30,
108,서울,2025-12-02 11:00,2.2,,,,3.6,,27,
108,서울,2025-12-02 12:00,2.7,,,,5.2,,25,
108,서울,2025-12-02 13:00,2.9,,,,4.6,,27,
108,서울,2025-12-02 14:00,2.9,,,,5.1,,28,
108,서울,2025-12-02 15:00,3.3,,,,3,,30,
108,서울,2025-12-02 16:00,1.8,,,,4.1,,30,
108,서울,2025-12-02 17:00,.4,,,,4.1,,32,
108,서울,2025-12-02 18:00,-.6,,,,3.6,,31,
108,서울,2025-12-02 19:00,-1.4,,,,2.3,,35,
108,서울,2025-12-02 20:00,-2.2,,,,4.4,,36,
108,서울,2025-12-02 21:00,-3.5,,,,5.8,,40,
108,서울,2025-12-02 22:00,-4.5,,,,3.2,,51,
108,서울,2025-12-02 23:00,-5,,,,4.2,,56,
108,서울,2025-12-03 00:00,-5.4,,,,2.9,,60,
108,서울,2025-12-03 01:00,-5.8,,,,1.5,,60,
108,서울,2025-12-03 02:00,-5.9,,,,4.7,,60,
108,서울,2025-12-03 03:00,-6.3,,,,2.1,,44,
108,서울,2025-12-03 04:00,-6.9,,,,2.9,,42,
108,서울,2025-12-03 05:00,-7.4,,,,2.5,,41,
108,서울,2025-12-03 06:00,-7.7,,,,1.3,,37,
108,서울,2025-12-03 07:00,-7.5,,,,1.9,,34,
108,서울,2025-12-03 08:00,-7.3,,,,2.7,,32,
108,서울,2025-12-03 09:00,-6.5,,,,2.8,,30,
108,서울,2025-12-03 10:00,-5.7,,,,3.6,,28,
108,서울,2025-12-03 11:00,-5.1,,,,3.2,,29,
108,서울,2025-12-03 12:00,-4.2,,,,4,,31,
108,서울,2025-12-03 13:00,-3.4,,,,3.8,,32,
108,서울,2025-12-03 14:00,-3.1,,,,3.9,,34,
108,서울,2025-12-03 15:00,-3.5,,,,5.3,,37,
108,서울,2025-12-03 16:00,-3.4,,,,5.3,,40,
108,서울,2025-12-03 17:00,-4.1,,,,3.7,,45,
108,서울,2025-12-03 18:00,-4.7,,,,4.4,,48,
108,서울,2025-12-03 19:00,-5.6,,,,4,,50,
108,서울,2025-12-03 20:00,-6.3,,,,3.1,,53,
108,서울,2025-12-03 21:00,-6.6,,,,2.9,,53,
108,서울,2025-12-03 22:00,-7,,,,3.4,,53,
108,서울,2025-12-03 23:00,-7.6,,,,3.5,,51,
108,서울,2025-12-04 00:00,-8.1,,,,1.3,,51,
108,서울,2025-12-04 01:00,-8.8,,,,1.2,,50,
108,서울,2025-12-04 02:00,-8.7,,,,.5,,44,
108,서울,2025-12-04 03:00,-8.7,,,,1.7,,41,
108,서울,2025-12-04 04:00,-8.4,,,,2.6,,36,
108,서울,2025-12-04 05:00,-8.9,,,,1.7,,38,
108,서울,2025-12-04 06:00,-9.2,,,,.5,,40,
108,서울,2025-12-04 07:00,-9.4,,,,1.4,,44,
108,서울,2025-12-04 08:00,-9.2,,,,1.5,,44,
108,서울,2025-12-04 09:00,-8,,,,2,,46,
108,서울,2025-12-04 10:00,-4.9,,,,2.2,,42,
108,서울,2025-12-04 11:00,-3.3,,,,.6,,37,
108,서울,2025-12-04 12:00,-1,,,,2.1,,30,
108,서울,2025-12-04 13:00,.6,,,,2.1,,26,
108,서울,2025-12-04 14:00,2.4,,,,2,,23,
108,서울,2025-12-04 15:00,3.3,,,,2.7,,26,
108,서울,2025-12-04 16:00,3.1,,,,2.7,,31,
108,서울,2025-12-04 17:00,1.9,,,,2.5,,45,
108,서울,2025-12-04 18:00,1.6,,0,,2.8,,65,
108,서울,2025-12-04 19:00,.4,,,9,.5,,85,
108,서울,2025-12-04 20:00,.6,,,9,1,,87,
108,서울,2025-12-04 21:00,-.1,,4,,4.9,,79,
108,서울,2025-12-04 22:00,-1.5,,,9,4.7,,76,
108,서울,2025-12-04 23:00,-2.9,,,9,4.7,,73,
108,서울,2025-12-05 00:00,-3.8,,,9,3.5,,70,
108,서울,2025-12-05 01:00,-4.6,,,,3.2,,66,
108,서울,2025-12-05 02:00,-5.1,,,,1.9,,66,
108,서울,2025-12-05 03:00,-5.5,,,,2.6,,65,
108,서울,2025-12-05 04:00,-5.5,,,,2.7,,63,
108,서울,2025-12-05 05:00,-5.7,,,,2.4,,63,
108,서울,2025-12-05 06:00,-6.4,,,,1.8,,66,
108,서울,2025-12-05 07:00,-6.8,,,,.4,,68,
108,서울,2025-12-05 08:00,-6.7,,,,1.5,,64,
108,서울,2025-12-05 09:00,-6.1,,,,1.2,,60,
108,서울,2025-12-05 10:00,-3.8,,,,1.9,,54,
108,서울,2025-12-05 11:00,-1.9,,,,2.7,,47,
108,서울,2025-12-05 12:00,-.7,,,,1.9,,43,
108,서울,2025-12-05 13:00,.3,,,,2.2,,39,
108,서울,2025-12-05 14:00,1,,,,2.8,,38,
108,서울,2025-12-05 15:00,1.6,,,,2,,35,
108,서울,2025-12-05 16:00,2,,,,1.9,,37,
108,서울,2025-12-05 17:00,.9,,,,1.2,,41,
108,서울,2025-12-05 18:00,0,,,,1,,42,
108,서울,2025-12-05 19:00,-.8,,,,.9,,53,
108,서울,2025-12-05 20:00,-1.6,,,,1.7,,54,
108,서울,2025-12-05 21:00,-1.9,,,,1,,55,
108,서울,2025-12-05 22:00,-1.6,,,,2.6,,61,
108,서울,2025-12-05 23:00,-2,,,,2.1,,62,
108,서울,2025-12-06 00:00,-1.9,,,,1.9,,63,
108,서울,2025-12-06 01:00,-1.4,,,,2.7,,65,
108,서울,2025-12-06 02:00,-1.1,,,,1.8,,63,
108,서울,2025-12-06 03:00,-.8,,,,2.4,,62,
108,서울,2025-12-06 04:00,-.7,,,,2.1,,61,
108,서울,2025-12-06 05:00,-.5,,,,2.2,,61,
108,서울,2025-12-06 06:00,-.8,,,,2,,63,
108,서울,2025-12-06 07:00,-.7,,,9,2.5,,65,
108,서울,2025-12-06 08:00,-.9,,,9,2.2,,64,
108,서울,2025-12-06 09:00,-.1,,0,,2.6,,64,
108,서울,2025-12-06 10:00,1.4,,,9,2.5,,61,
108,서울,2025-12-06 11:00,2.5,,,9,2.2,,59,
108,서울,2025-12-06 12:00,2.7,,,9,2.6,,60,
108,서울,2025-12-06 13:00,3.3,,,9,2.5,,62,
108,서울,2025-12-06 14:00,3.8,,,9,2.4,,63,
108,서울,2025-12-06 15:00,4,,0,,2.5,,63,
108,서울,2025-12-06 16:00,4.4,,,9,1.4,,67,
108,서울,2025-12-06 17:00,4.3,,,9,2.8,,83,
108,서울,2025-12-06 18:00,4.1,,.6,,1.7,,82,
108,서울,2025-12-06 19:00,3.8,,,9,1.7,,83,
108,서울,2025-12-06 20:00,3.7,,,9,1.5,,84,
108,서울,2025-12-06 21:00,3.7,,0,,.9,,86,
108,서울,2025-12-06 22:00,4,,,9,.6,,85,
108,서울,2025-12-06 23:00,3.9,,,9,1.7,,86,
108,서울,2025-12-07 00:00,3.9,,0,,.9,,87,
108,서울,2025-12-07 01:00,4.4,,,,.9,,92,
108,서울,2025-12-07 02:00,5.5,,,,1.7,,93,
108,서울,2025-12-07 03:00,5.3,,,,2,,90,
108,서울,2025-12-07 04:00,4.9,,,,1.1,,91,
108,서울,2025-12-07 05:00,4.9,,,,.9,,90,
108,서울,2025-12-07 06:00,4.2,,,,.3,,90,
108,서울,2025-12-07 07:00,3.9,,,,.9,,92,
108,서울,2025-12-07 08:00,3.4,,,,1.7,,93,
108,서울,2025-12-07 09:00,3.6,,,,1.7,,94,
108,서울,2025-12-07 10:00,5.6,,,,1.4,,92,
108,서울,2025-12-07 11:00,8.1,,,,1.1,,84,
108,서울,2025-12-07 12:00,11.4,,,,2.4,,65,
108,서울,2025-12-07 13:00,12.8,,,,3.1,,58,
108,서울,2025-12-07 14:00,13.3,,,,3.8,,54,
108,서울,2025-12-07 15:00,12.9,,,,4.6,,63,
108,서울,2025-12-07 16:00,12.3,,,,2.8,,70,
108,서울,2025-12-07 17:00,12,,,,3.4,,69,
108,서울,2025-12-07 18:00,11.5,,,,2.3,,73,
108,서울,2025-12-07 19:00,11.1,,,,2.8,,79,
108,서울,2025-12-07 20:00,11,,,,2.5,,80,
108,서울,2025-12-07 21:00,10.1,,,,2.9,,83,
108,서울,2025-12-07 22:00,9,,,,3.2,,83,
108,서울,2025-12-07 23:00,8.2,,,,3,,73,
108,서울,2025-12-08 00:00,7.2,,,,2.3,,61,
108,서울,2025-12-08 01:00,6.2,,,,2.1,,52,
108,서울,2025-12-08 02:00,5.2,,,,.5,,54,
108,서울,2025-12-08 03:00,4.4,,,,1.9,,56,
108,서울,2025-12-08 04:00,3.4,,,,1.2,,59,
108,서울,2025-12-08 05:00,2.9,,,,1.2,,58,
108,서울,2025-12-08 06:00,2.4,,,,.7,,59,
108,서울,2025-12-08 07:00,1.8,,,,1.6,,58,
108,서울,2025-12-08 08:00,1.3,,,,1.5,,60,
108,서울,2025-12-08 09:00,2,,,,3.4,,56,
108,서울,2025-12-08 10:00,2.8,,,,3.8,,49,
108,서울,2025-12-08 11:00,3.8,,,,2.6,,44,
108,서울,2025-12-08 12:00,4.8,,,,3,,39,
108,서울,2025-12-08 13:00,6.2,,,,1.9,,38,
108,서울,2025-12-08 14:00,6.4,,,,2.4,,35,
108,서울,2025-12-08 15:00,7.3,,,,2.4,,32,
108,서울,2025-12-08 16:00,6.4,,,,3.4,,32,
108,서울,2025-12-08 17:00,4.8,,,,3.3,,31,
108,서울,2025-12-08 18:00,3.7,,,,2.4,,34,
108,서울,2025-12-08 19:00,2.9,,,,2,,39,
108,서울,2025-12-08 20:00,2.3,,,,1.9,,43,
108,서울,2025-12-08 21:00,1.7,,,,1.7,,45,
108,서울,2025-12-08 22:00,1.4,,,,1.8,,39,
108,서울,2025-12-08 23:00,1.4,,,,2.5,,38,
108,서울,2025-12-09 00:00,.8,,,,1.8,,42,
108,서울,2025-12-09 01:00,.1,,,,1.5,,46,
108,서울,2025-12-09 02:00,-.7,,,,1,,52,
108,서울,2025-12-09 03:00,-1.3,,,,2,,52,
108,서울,2025-12-09 04:00,-1.7,,,,2.1,,57,
108,서울,2025-12-09 05:00,-1.7,,,,1.4,,60,
108,서울,2025-12-09 06:00,-1.7,,,,1.8,,63,
108,서울,2025-12-09 07:00,-2.2,,,,2.1,,66,
108,서울,2025-12-09 08:00,-2.3,,,,2.3,,67,
108,서울,2025-12-09 09:00,-.7,,,,1.5,,64,
108,서울,2025-12-09 10:00,2.4,,,,1.2,,53,
108,서울,2025-12-09 11:00,4,,,,1.5,,49,
108,서울,2025-12-09 12:00,5.1,,,,2.2,,47,
108,서울,2025-12-09 13:00,6.1,,,,1.2,,48,
108,서울,2025-12-09 14:00,8.3,,,,2.2,,45,
108,서울,2025-12-09 15:00,8.1,,,,2.9,,49,
108,서울,2025-12-09 16:00,7.8,,,,2.5,,51,
108,서울,2025-12-09 17:00,6.9,,,,2.1,,55,
108,서울,2025-12-09 18:00,6.3,,,,2,,58,
108,서울,2025-12-09 19:00,5.4,,,,1.1,,59,
108,서울,2025-12-09 20:00,4.7,,,,.9,,62,
108,서울,2025-12-09 21:00,4,,,,.7,,67,
108,서울,2025-12-09 22:00,3.5,,,,.3,,69,
108,서울,2025-12-09 23:00,3.1,,,,.3,,71,
108,서울,2025-12-10 00:00,2.7,,,,1,,72,
108,서울,2025-12-10 01:00,2.2,,,,1.2,,76,
108,서울,2025-12-10 02:00,1.8,,,,1.7,,78,
108,서울,2025-12-10 03:00,2,,,,1.2,,79,
108,서울,2025-12-10 04:00,1.6,,,,1.6,,80,
108,서울,2025-12-10 05:00,1.1,,,,1.8,,82,
108,서울,2025-12-10 06:00,.8,,,,1.3,,84,
108,서울,2025-12-10 07:00,.7,,,,1.8,,85,
108,서울,2025-12-10 08:00,1.1,,,,2.8,,85,
108,서울,2025-12-10 09:00,2.4,,,,2.8,,80,
108,서울,2025-12-10 10:00,3.4,,,,3.5,,74,
108,서울,2025-12-10 11:00,4.8,,,,2,,69,
108,서울,2025-12-10 12:00,5.8,,,,2.7,,66,
108,서울,2025-12-10 13:00,6.9,,,,2.4,,64,
108,서울,2025-12-10 14:00,7.9,,,,2.2,,62,
108,서울,2025-12-10 15:00,8.5,,,,2.1,,60,
108,서울,2025-12-10 16:00,8.4,,,,2.1,,60,
108,서울,2025-12-10 17:00,8,,,,1.8,,61,
108,서울,2025-12-10 18:00,7.4,,,,2,,64,
108,서울,2025-12-10 19:00,7.5,,,,1.6,,64,
108,서울,2025-12-10 20:00,7.4,,,,1.7,,68,
108,서울,2025-12-10 21:00,7.1,,,,1.3,,73,
108,서울,2025-12-10 22:00,6.4,,,,.8,,74,
108,서울,2025-12-10 23:00,5.6,,,,.9,,77,
108,서울,2025-12-11 00:00,5,,,,.9,,79,
108,서울,2025-12-11 01:00,4.9,,,,1,,80,
108,서울,2025-12-11 02:00,5.2,,,,1.5,,78,
108,서울,2025-12-11 03:00,5.3,,1.6,,1.4,,85,
108,서울,2025-12-11 04:00,5.2,,,9,1.7,,91,
108,서울,2025-12-11 05:00,5.2,,,9,.6,,92,
108,서울,2025-12-11 06:00,5.2,,10.2,,1.4,,94,
108,서울,2025-12-11 07:00,5.2,,,9,1.8,,93,
108,서울,2025-12-11 08:00,5.5,,,9,1.2,,93,
108,서울,2025-12-11 09:00,6,,1.1,,.9,,93,
108,서울,2025-12-11 10:00,7,,,9,1.4,,94,
108,서울,2025-12-11 11:00,7.4,,,9,2.5,,90,
108,서울,2025-12-11 12:00,7.3,,,9,5.1,,82,
108,서울,2025-12-11 13:00,7.4,,,9,3.8,,69,
108,서울,2025-12-11 14:00,7.9,,,9,3.5,,59,
108,서울,2025-12-11 15:00,7.5,,,9,4.7,,44,
108,서울,2025-12-11 16:00,6.2,,,9,3.6,,46,
108,서울,2025-12-11 17:00,4.1,,,9,3.8,,45,
108,서울,2025-12-11 18:00,2.6,,,9,4,,50,
108,서울,2025-12-11 19:00,1.4,,,9,3,,48,
108,서울,2025-12-11 20:00,.5,,,9,3.7,,48,
108,서울,2025-12-11 21:00,-.3,,,9,4.3,,48,
108,서울,2025-12-11 22:00,-.9,,,9,3.4,,50,
108,서울,2025-12-11 23:00,-1.2,,,9,3.7,,49,
108,서울,2025-12-12 00:00,-1.7,,,9,2.5,,50,
108,서울,2025-12-12 01:00,-2.5,,,,1.3,,53,
108,서울,2025-12-12 02:00,-2.7,,,,1.5,,54,
108,서울,2025-12-12 03:00,-3.1,,,,1.2,,57,
108,서울,2025-12-12 04:00,-3.3,,,,1.3,,59,
108,서울,2025-12-12 05:00,-3.3,,,,2.1,,61,
108,서울,2025-12-12 06:00,-3.5,,,,.9,,61,
108,서울,2025-12-12 07:00,-3.1,,,,1.2,,61,
108,서울,2025-12-12 08:00,-2.9,,,,1.2,,64,
108,서울,2025-12-12 09:00,-2.1,,,,1.4,,64,
108,서울,2025-12-12 10:00,1.4,,,,1.7,,56,
108,서울,2025-12-12 11:00,3.6,,,,2.4,,51,
108,서울,2025-12-12 12:00,4.7,,,,2.8,,49,
108,서울,2025-12-12 13:00,6.6,,,,2,,47,
108,서울,2025-12-12 14:00,6.8,,,,2.6,,46,
108,서울,2025-12-12 15:00,6.9,,,,2,,47,
108,서울,2025-12-12 16:00,6.7,,,,2.2,,49,
108,서울,2025-12-12 17:00,6.2,,,,2.1,,51,
108,서울,2025-12-12 18:00,5.5,,,,3.2,,52,
108,서울,2025-12-12 19:00,5.1,,,,2.3,,54,
108,서울,2025-12-12 20:00,4.5,,,,2.6,,57,
108,서울,2025-12-12 21:00,4.3,,,,2.2,,58,
108,서울,2025-12-12 22:00,4.3,,,,2.9,,58,
108,서울,2025-12-12 23:00,4.1,,,,2.9,,59,
108,서울,2025-12-13 00:00,3.6,,,,2.6,,62,
108,서울,2025-12-13 01:00,3.5,,,,3.1,,63,
108,서울,2025-12-13 02:00,3.7,,,,3.1,,64,
108,서울,2025-12-13 03:00,3.9,,,,2.5,,64,
108,서울,2025-12-13 04:00,4,,,,2.6,,65,
108,서울,2025-12-13 05:00,3.9,,,,3,,66,
108,서울,2025-12-13 06:00,3.8,,,,2.7,,67,
108,서울,2025-12-13 07:00,4.2,,,,2.1,,68,
108,서울,2025-12-13 08:00,4.3,,,,2.8,,68,
108,서울,2025-12-13 09:00,4.5,,0,,2.9,,69,
108,서울,2025-12-13 10:00,4.2,,,9,1.9,,83,
108,서울,2025-12-13 11:00,3.9,,,9,2.7,,86,
108,서울,2025-12-13 12:00,3.9,,1.2,,1.4,,87,
108,서울,2025-12-13 13:00,3.8,,,9,1.7,,88,
108,서울,2025-12-13 14:00,3.5,,,9,1.5,,89,
108,서울,2025-12-13 15:00,3.6,,2.6,,1,,89,
108,서울,2025-12-13 16:00,3,,,9,2.4,,90,
108,서울,2025-12-13 17:00,1.9,,,9,2.1,,91,
108,서울,2025-12-13 18:00,1.7,,4.1,,2.4,,93,
108,서울,2025-12-13 19:00,1.3,,,9,2.6,,93,
108,서울,2025-12-13 20:00,.6,,,9,3.8,,93,
108,서울,2025-12-13 21:00,.2,,1.6,,3.5,,93,
108,서울,2025-12-13 22:00,.1,,,9,2.7,,89,
108,서울,2025-12-13 23:00,-.2,,,9,2.6,,88,
108,서울,2025-12-14 00:00,-.8,,0,,2.7,,90,
108,서울,2025-12-14 01:00,-1,,,,1.9,,89,
108,서울,2025-12-14 02:00,-1,,,9,1.1,,90,
108,서울,2025-12-14 03:00,-.9,,0,,.7,,89,
108,서울,2025-12-14 04:00,-.8,,,9,2,,89,
108,서울,2025-12-14 05:00,-.9,,,9,1.4,,88,
108,서울,2025-12-14 06:00,-1,,.1,,2.6,,86,
108,서울,2025-12-14 07:00,-.9,,,9,1.9,,87,
108,서울,2025-12-14 08:00,-.9,,,9,2.3,,83,
108,서울,2025-12-14 09:00,-1.1,,0,,3.6,,80,
108,서울,2025-12-14 10:00,-.8,,,9,2.3,,78,
108,서울,2025-12-14 11:00,-.1,,,9,3.5,,74,
108,서울,2025-12-14 12:00,.5,,,9,3.1,,72,
108,서울,2025-12-14 13:00,1.1,,,9,2.9,,70,
108,서울,2025-12-14 14:00,1.5,,,9,3,,67,
108,서울,2025-12-14 15:00,2.2,,,9,3.2,,64,
108,서울,2025-12-14 16:00,3,,,9,2,,62,
108,서울,2025-12-14 17:00,2,,,9,1.8,,66,
108,서울,2025-12-14 18:00,1,,,9,.9,,71,
108,서울,2025-12-14 19:00,.3,,,9,1.4,,76,
108,서울,2025-12-14 20:00,.1,,,9,2.4,,72,
108,서울,2025-12-14 21:00,-.3,,,9,1.1,,75,
108,서울,2025-12-14 22:00,-.7,,,9,.6,,77,
108,서울,2025-12-14 23:00,-1.1,,,9,.7,,73,
108,서울,2025-12-15 00:00,-1.5,,,9,.8,,75,
108,서울,2025-12-15 01:00,-1.6,,,,.5,,80,
108,서울,2025-12-15 02:00,-1.8,,,,1.2,,81,
108,서울,2025-12-15 03:00,-2.2,,,,1.1,,81,
108,서울,2025-12-15 04:00,-2.7,,,,1.6,,85,
108,서울,2025-12-15 05:00,-2.9,,,,2.1,,86,
108,서울,2025-12-15 06:00,-3.2,,,,1.6,,87,
108,서울,2025-12-15 07:00,-3.5,,,,2.1,,88,
108,서울,2025-12-15 08:00,-3.4,,,,1.9,,90,
108,서울,2025-12-15 09:00,-2.4,,,,1.9,,90,
108,서울,2025-12-15 10:00,.2,,,,1.8,,78,
108,서울,2025-12-15 11:00,2.1,,,,2.1,,70,
108,서울,2025-12-15 12:00,3,,,,2.4,,65,
108,서울,2025-12-15 13:00,3.7,,,,1.7,,60,
108,서울,2025-12-15 14:00,3.9,,,,2.2,,61,
108,서울,2025-12-15 15:00,4.5,,,,2.1,,61,
108,서울,2025-12-15 16:00,4.2,,,,1.1,,62,
108,서울,2025-12-15 17:00,3.7,,,,1.7,,63,
108,서울,2025-12-15 18:00,2.6,,,,1.7,,69,
108,서울,2025-12-15 19:00,1.7,,,,2.7,,74,
108,서울,2025-12-15 20:00,1.2,,,,2.7,,77,
108,서울,2025-12-15 21:00,1.1,,,,2.4,,79,
108,서울,2025-12-15 22:00,1.4,,,,2.7,,80,
108,서울,2025-12-15 23:00,1.7,,,,2,,79,
108,서울,2025-12-16 00:00,2.1,,,,2,,79,
108,서울,2025-12-16 01:00,2.3,,,,2,,78,
108,서울,2025-12-16 02:00,2.3,,,,2.4,,79,
108,서울,2025-12-16 03:00,2.3,,0,,2.5,,79,
108,서울,2025-12-16 04:00,2.3,,,9,1.7,,79,
108,서울,2025-12-16 05:00,2.5,,,9,1.7,,79,
108,서울,2025-12-16 06:00,2.6,,,9,2.4,,78,
108,서울,2025-12-16 07:00,3,,,9,1.9,,78,
108,서울,2025-12-16 08:00,3.2,,,9,2.6,,78,
108,서울,2025-12-16 09:00,3.5,,,9,3.1,,80,
108,서울,2025-12-16 10:00,3.6,,,9,2.6,,83,
108,서울,2025-12-16 11:00,3.7,,,9,2.7,,89,
108,서울,2025-12-16 12:00,3.6,,1.1,,2.3,,92,
108,서울,2025-12-16 13:00,3.8,,,9,2.5,,94,
108,서울,2025-12-16 14:00,4.1,,,9,2.6,,93,
108,서울,2025-12-16 15:00,4.2,,.3,,2.2,,95,
108,서울,2025-12-16 16:00,4.3,,,9,2.2,,95,
108,서울,2025-12-16 17:00,4.4,,,9,1.9,,95,
108,서울,2025-12-16 18:00,4.4,,.7,,2,,95,
108,서울,2025-12-16 19:00,4.4,,,9,1.9,,94,
108,서울,2025-12-16 20:00,4.5,,,9,2.1,,94,
108,서울,2025-12-16 21:00,4.6,,0,,1.6,,94,
108,서울,2025-12-16 22:00,4.7,,,9,1.8,,94,
108,서울,2025-12-16 23:00,4.9,,,9,2.1,,94,
108,서울,2025-12-17 00:00,5,,,9,.9,,95,
108,서울,2025-12-17 01:00,5.1,,,,1.3,,95,
108,서울,2025-12-17 02:00,5.2,,,,1.5,,95,
108,서울,2025-12-17 03:00,4.9,,,,1.7,,93,
108,서울,2025-12-17 04:00,4.7,,,,1.1,,93,
108,서울,2025-12-17 05:00,4.5,,,,2,,92,
108,서울,2025-12-17 06:00,4.3,,,,1.8,,90,
108,서울,2025-12-17 07:00,3.7,,,,2.5,,90,
108,서울,2025-12-17 08:00,3.2,,,,1.7,,89,
108,서울,2025-12-17 09:00,3.2,,,,2,,87,
108,서울,2025-12-17 10:00,3.6,,,,2.9,,83,
108,서울,2025-12-17 11:00,4.7,,,,2.8,,79,
108,서울,2025-12-17 12:00,5.6,,,,3.3,,71,
108,서울,2025-12-17 13:00,6.2,,,,3.2,,62,
108,서울,2025-12-17 14:00,6.6,,,,3.9,,57,
108,서울,2025-12-17 15:00,7.3,,,,3.6,,58,
108,서울,2025-12-17 16:00,6.9,,,,2.3,,56,
108,서울,2025-12-17 17:00,5.7,,,,2.3,,56,
108,서울,2025-12-17 18:00,4.4,,,,2.2,,57,
108,서울,2025-12-17 19:00,3.9,,,,1.6,,58,
108,서울,2025-12-17 20:00,3.3,,,,1.6,,62,
108,서울,2025-12-17 21:00,2.9,,,,1.7,,65,
108,서울,2025-12-17 22:00,2.2,,,,.7,,65,
108,서울,2025-12-17 23:00,1.7,,,,1.9,,63,
108,서울,2025-12-18 00:00,1.2,,,,1.1,,61,
108,서울,2025-12-18 01:00,.7,,,,1.8,,59,
108,서울,2025-12-18 02:00,.6,,,,2.3,,57,
108,서울,2025-12-18 03:00,-.4,,,,1.7,,60,
108,서울,2025-12-18 04:00,-1.2,,,,1.3,,61,
108,서울,2025-12-18 05:00,-1.2,,,,1.1,,62,
108,서울,2025-12-18 06:00,-1.6,,,,.4,,68,
108,서울,2025-12-18 07:00,-1.5,,,,.7,,72,
108,서울,2025-12-18 08:00,-1.9,,,,2.1,,74,
108,서울,2025-12-18 09:00,-1.2,,,,2.3,,76,
108,서울,2025-12-18 10:00,1.5,,,,2.8,,71,
108,서울,2025-12-18 11:00,3.9,,,,1.8,,55,
108,서울,2025-12-18 12:00,5,,,,1.7,,49,
108,서울,2025-12-18 13:00,6.3,,,,1,,45,
108,서울,2025-12-18 14:00,8.4,,,,1.9,,42,
108,서울,2025-12-18 15:00,8,,,,2.6,,39,
108,서울,2025-12-18 16:00,7.7,,,,2,,42,
108,서울,2025-12-18 17:00,6.3,,,,2.1,,49,
108,서울,2025-12-18 18:00,5,,,,1,,54,
108,서울,2025-12-18 19:00,3.9,,,,1.2,,57,
108,서울,2025-12-18 20:00,2.8,,,,1.6,,64,
108,서울,2025-12-18 21:00,2.1,,,,1.8,,67,
108,서울,2025-12-18 22:00,1.6,,,,2.3,,71,
108,서울,2025-12-18 23:00,1.9,,,,1.3,,69,
108,서울,2025-12-19 00:00,1.4,,,,1.8,,72,
108,서울,2025-12-19 01:00,.9,,,,2,,73,
108,서울,2025-12-19 02:00,.7,,,,2.2,,74,
108,서울,2025-12-19 03:00,.6,,,,2,,73,
108,서울,2025-12-19 04:00,.1,,,,1.6,,78,
108,서울,2025-12-19 05:00,-.6,,,,1.6,,81,
108,서울,2025-12-19 06:00,-.6,,,,2.2,,80,
108,서울,2025-12-19 07:00,-.4,,,,2,,78,
108,서울,2025-12-19 08:00,.7,,,,2,,74,
108,서울,2025-12-19 09:00,1.6,,,,2.6,,70,
108,서울,2025-12-19 10:00,2.5,,,,3.3,,66,
108,서울,2025-12-19 11:00,3.7,,,,2.1,,62,
108,서울,2025-12-19 12:00,5.7,,,,2.5,,57,
108,서울,2025-12-19 13:00,7.5,,,,1.9,,53,
108,서울,2025-12-19 14:00,8.6,,,,2.1,,51,
108,서울,2025-12-19 15:00,9.3,,,,2.3,,53,
108,서울,2025-12-19 16:00,9.9,,,,1.6,,52,
108,서울,2025-12-19 17:00,8.8,,,,2.6,,55,
108,서울,2025-12-19 18:00,7.7,,,,2.3,,62,
108,서울,2025-12-19 19:00,6.8,,,,1.7,,64,
108,서울,2025-12-19 20:00,6.7,,,,2.7,,68,
108,서울,2025-12-19 21:00,7.2,,,,2,,67,
108,서울,2025-12-19 22:00,7.2,,,,1.2,,68,
108,서울,2025-12-19 23:00,7.4,,,,1.1,,70,
108,서울,2025-12-20 00:00,7.4,,,,1.3,,70,
108,서울,2025-12-20 01:00,7.6,,,,1,,69,
108,서울,2025-12-20 02:00,7.6,,,,1.7,,70,
108,서울,2025-12-20 03:00,7.9,,0,,1.7,,73,
108,서울,2025-12-20 04:00,7.7,,,9,1,,75,
108,서울,2025-12-20 05:00,8,,,9,1.5,,75,
108,서울,2025-12-20 06:00,8.2,,0,,1.1,,76,
108,서울,2025-12-20 07:00,8.4,,,9,1.8,,82,
108,서울,2025-12-20 08:00,8.3,,,9,1.6,,84,
108,서울,2025-12-20 09:00,8.6,,.1,,1.9,,83,
108,서울,2025-12-20 10:00,8.8,,,9,1.7,,82,
108,서울,2025-12-20 11:00,9,,,9,.4,,84,
108,서울,2025-12-20 12:00,10.3,,.1,,1.5,,90,
108,서울,2025-12-20 13:00,10.7,,,9,2.1,,91,
108,서울,2025-12-20 14:00,10.2,,,9,2.8,,88,
108,서울,2025-12-20 15:00,9.5,,0,,2.9,,85,
108,서울,2025-12-20 16:00,8.8,,,9,2.3,,86,
108,서울,2025-12-20 17:00,8.6,,,9,3.2,,83,
108,서울,2025-12-20 18:00,7.8,,.1,,2.9,,77,
108,서울,2025-12-20 19:00,7,,,9,3.9,,74,
108,서울,2025-12-20 20:00,6.2,,,9,3.6,,65,
108,서울,2025-12-20 21:00,4.9,,,9,3.9,,57,
108,서울,2025-12-20 22:00,2.8,,,9,3.7,,50,
108,서울,2025-12-20 23:00,1.8,,,9,3.5,,53,
108,서울,2025-12-21 00:00,1,,,9,3.6,,52,
108,서울,2025-12-21 01:00,.3,,,,3.4,,49,
108,서울,2025-12-21 02:00,-.4,,,,3.6,,45,
108,서울,2025-12-21 03:00,-.8,,,,3.2,,45,
108,서울,2025-12-21 04:00,-1.2,,,,3.3,,48,
108,서울,2025-12-21 05:00,-1.7,,,,3,,47,
108,서울,2025-12-21 06:00,-2,,,,3.2,,44,
108,서울,2025-12-21 07:00,-2.4,,,,2.8,,44,
108,서울,2025-12-21 08:00,-2.7,,,,2.3,,44,
108,서울,2025-12-21 09:00,-2.9,,,,3.6,,44,
108,서울,2025-12-21 10:00,-2.2,,,,3.5,,42,
108,서울,2025-12-21 11:00,-.8,,,,2.2,,39,
108,서울,2025-12-21 12:00,.3,,,,2.8,,36,
108,서울,2025-12-21 13:00,.7,,,,3.3,,34,
108,서울,2025-12-21 14:00,1.5,,,,3.2,,31,
108,서울,2025-12-21 15:00,2,,,,3.3,,32,
108,서울,2025-12-21 16:00,1.7,,,,3.3,,33,
108,서울,2025-12-21 17:00,.5,,,,2.4,,38,
108,서울,2025-12-21 18:00,-.5,,,,2.2,,39,
108,서울,2025-12-21 19:00,-1,,,,1.7,,43,
108,서울,2025-12-21 20:00,-1.6,,,,2,,43,
108,서울,2025-12-21 21:00,-1.5,,,,3.6,,43,
108,서울,2025-12-21 22:00,-2,,,,2.4,,47,
108,서울,2025-12-21 23:00,-2.9,,,,1.4,,52,
108,서울,2025-12-22 00:00,-3.4,,,,1.3,,53,
108,서울,2025-12-22 01:00,-4.1,,,,1.8,,54,
108,서울,2025-12-22 02:00,-4.4,,,,2.8,,53,
108,서울,2025-12-22 03:00,-4.9,,,,1.3,,55,
108,서울,2025-12-22 04:00,-5,,,,.9,,57,
108,서울,2025-12-22 05:00,-5.1,,,,1,,60,
108,서울,2025-12-22 06:00,-5.2,,,,1.1,,62,
108,서울,2025-12-22 07:00,-5.7,,,,2,,62,
108,서울,2025-12-22 08:00,-5.7,,,,2.2,,63,
108,서울,2025-12-22 09:00,-4.6,,,,1.4,,60,
108,서울,2025-12-22 10:00,-1.6,,,,3.3,,50,
108,서울,2025-12-22 11:00,.1,,,,2.1,,43,
108,서울,2025-12-22 12:00,1.7,,,,2.2,,35,
108,서울,2025-12-22 13:00,3,,,,2.2,,33,
108,서울,2025-12-22 14:00,4,,,,1.8,,31,
108,서울,2025-12-22 15:00,4.7,,,,1.5,,26,
108,서울,2025-12-22 16:00,5,,,,2,,23,
108,서울,2025-12-22 17:00,3.5,,,,1.8,,26,
108,서울,2025-12-22 18:00,2,,,,2,,29,
108,서울,2025-12-22 19:00,1,,,,1.9,,37,
108,서울,2025-12-22 20:00,.4,,,,1.7,,38,
108,서울,2025-12-22 21:00,.3,,,,1.6,,41,
108,서울,2025-12-22 22:00,.3,,,,1.9,,45,
108,서울,2025-12-22 23:00,-.3,,,,1.9,,50,
108,서울,2025-12-23 00:00,.1,,,,1.6,,50,
108,서울,2025-12-23 01:00,.4,,,,2,,47,
108,서울,2025-12-23 02:00,.3,,,,2.8,,45,
108,서울,2025-12-23 03:00,.2,,,,2.6,,46,
108,서울,2025-12-23 04:00,.8,,,,2.6,,47,
108,서울,2025-12-23 05:00,.8,,,,3,,46,
108,서울,2025-12-23 06:00,1.4,,,,2.6,,48,
108,서울,2025-12-23 07:00,1.7,,,,3,,48,
108,서울,2025-12-23 08:00,2.2,,,,3.2,,49,
108,서울,2025-12-23 09:00,2.6,,,,2.5,,48,
108,서울,2025-12-23 10:00,3.4,,,,2.6,,49,
108,서울,2025-12-23 11:00,4,,,,3.1,,50,
108,서울,2025-12-23 12:00,4.1,,0,,3,,55,
108,서울,2025-12-23 13:00,4.3,,,9,2.6,,65,
108,서울,2025-12-23 14:00,2.4,,,9,.7,,84,
108,서울,2025-12-23 15:00,2.8,,3.4,,3.9,,89,
108,서울,2025-12-23 16:00,2.7,,,9,2.7,,91,
108,서울,2025-12-23 17:00,2.7,,,9,2.7,,93,
108,서울,2025-12-23 18:00,2.7,,4.6,,2.7,,94,
108,서울,2025-12-23 19:00,2.9,,,9,1.7,,94,
108,서울,2025-12-23 20:00,3.1,,,9,1.9,,94,
108,서울,2025-12-23 21:00,3.2,,2.5,,1.8,,94,
108,서울,2025-12-23 22:00,3.4,,,9,1.4,,92,
108,서울,2025-12-23 23:00,3.6,,,9,1.1,,92,
108,서울,2025-12-24 00:00,3.6,,.3,,1.9,,93,
108,서울,2025-12-24 01:00,3.5,,,,.2,,93,
108,서울,2025-12-24 02:00,3.5,,,,.9,,93,
108,서울,2025-12-24 03:00,3.5,,,,1.1,,94,
108,서울,2025-12-24 04:00,3.2,,,,1.7,,92,
108,서울,2025-12-24 05:00,3,,,,1.8,,93,
108,서울,2025-12-24 06:00,2.8,,,,1.2,,92,
108,서울,2025-12-24 07:00,2.7,,,,3.5,,92,
108,서울,2025-12-24 08:00,2.4,,,,3.5,,90,
108,서울,2025-12-24 09:00,2.5,,,,3.1,,87,
108,서울,2025-12-24 10:00,2.6,,,,2.6,,80,
108,서울,2025-12-24 11:00,3.4,,,,1.9,,78,
108,서울,2025-12-24 12:00,4.6,,,,2.5,,72,
108,서울,2025-12-24 13:00,5.1,,,,3.4,,66,
108,서울,2025-12-24 14:00,5.3,,,,3.4,,63,
108,서울,2025-12-24 15:00,5.9,,,,3.4,,59,
108,서울,2025-12-24 16:00,5.5,,,,2.2,,57,
108,서울,2025-12-24 17:00,4.2,,,,2.9,,59,
108,서울,2025-12-24 18:00,3.1,,,,3.7,,64,
108,서울,2025-12-24 19:00,2.2,,,,2.2,,68,
108,서울,2025-12-24 20:00,1.5,,,,1.5,,73,
108,서울,2025-12-24 21:00,.7,,,,2.4,,78,
108,서울,2025-12-24 22:00,.3,,,,3,,81,
108,서울,2025-12-24 23:00,-.4,,,,2.6,,83,
108,서울,2025-12-25 00:00,-.9,,,,2.5,,86,
108,서울,2025-12-25 01:00,-.9,,,,3.6,,84,
108,서울,2025-12-25 02:00,-1.4,,,,2.1,,82,
108,서울,2025-12-25 03:00,-1.7,,,,2.5,,85,
108,서울,2025-12-25 04:00,-2.2,,,,2.8,,85,
108,서울,2025-12-25 05:00,-2.5,,,,3.1,,84,
108,서울,2025-12-25 06:00,-2.8,,,,3.1,,73,
108,서울,2025-12-25 07:00,-3,,,,3.8,,64,
108,서울,2025-12-25 08:00,-3.3,,,,2.5,,59,
108,서울,2025-12-25 09:00,-3.1,,,,2.4,,59,
108,서울,2025-12-25 10:00,-2,,,,3.9,,53,
108,서울,2025-12-25 11:00,-1,,,,5.2,,49,
108,서울,2025-12-25 12:00,-.3,,,,3.9,,46,
108,서울,2025-12-25 13:00,-.6,,,,5.1,,44,
108,서울,2025-12-25 14:00,-.3,,,,4.3,,43,
108,서울,2025-12-25 15:00,-.7,,,,5.2,,39,
108,서울,2025-12-25 16:00,-1.3,,,,5.3,,41,
108,서울,2025-12-25 17:00,-3.1,,,,4.5,,42,
108,서울,2025-12-25 18:00,-4.4,,,,5.1,,37,
108,서울,2025-12-25 19:00,-5.3,,,,4.9,,43,
108,서울,2025-12-25 20:00,-6.4,,,,5.1,,47,
108,서울,2025-12-25 21:00,-7,,,,4,,47,
108,서울,2025-12-25 22:00,-7.8,,,,4.2,,50,
108,서울,2025-12-25 23:00,-8.3,,,,4.2,,51,
108,서울,2025-12-26 00:00,-8.9,,,,3,,47,
108,서울,2025-12-26 01:00,-9.4,,,,4.8,,48,
108,서울,2025-12-26 02:00,-9.8,,,,5.2,,47,
108,서울,2025-12-26 03:00,-10.2,,,,4.2,,46,
108,서울,2025-12-26 04:00,-10.7,,,,1.6,,48,
108,서울,2025-12-26 05:00,-11,,,,3.8,,47,
108,서울,2025-12-26 06:00,-11.4,,,,2,,48,
108,서울,2025-12-26 07:00,-11.6,,,,3.1,,48,
108,서울,2025-12-26 08:00,-11.8,,,,1.6,,48,
108,서울,2025-12-26 09:00,-11.3,,,,2.8,,45,
108,서울,2025-12-26 10:00,-10.3,,,,3.1,,41,
108,서울,2025-12-26 11:00,-8.9,,,,2.7,,38,
108,서울,2025-12-26 12:00,-7.6,,,,3,,35,
108,서울,2025-12-26 13:00,-6.4,,,,2.6,,33,
108,서울,2025-12-26 14:00,-4.9,,,,2.4,,31,
108,서울,2025-12-26 15:00,-4,,,,2.7,,30,
108,서울,2025-12-26 16:00,-4.2,,,,2.2,,30,
108,서울,2025-12-26 17:00,-5.4,,,,3.1,,31,
108,서울,2025-12-26 18:00,-6.1,,,,3.1,,34,
108,서울,2025-12-26 19:00,-6.5,,,,2.9,,34,
108,서울,2025-12-26 20:00,-6.8,,,,2.1,,37,
108,서울,2025-12-26 21:00,-7.1,,,,2.3,,37,
108,서울,2025-12-26 22:00,-7.7,,,,.9,,38,
108,서울,2025-12-26 23:00,-7.9,,,,1.4,,39,
108,서울,2025-12-27 00:00,-8.2,,,,.8,,36,
108,서울,2025-12-27 01:00,-7.9,,,,.6,,39,
108,서울,2025-12-27 02:00,-7.1,,,,1.7,,41,
108,서울,2025-12-27 03:00,-6.7,,,,2.2,,44,
108,서울,2025-12-27 04:00,-6.5,,,,2.3,,41,
108,서울,2025-12-27 05:00,-6.7,,,,2.5,,44,
108,서울,2025-12-27 06:00,-6.7,,,,2,,41,
108,서울,2025-12-27 07:00,-6.6,,,,2.6,,41,
108,서울,2025-12-27 08:00,-6.1,,,9,2.7,,43,
108,서울,2025-12-27 09:00,-5.5,,0,,2.5,,46,
108,서울,2025-12-27 10:00,-3.6,,,9,2.2,,46,
108,서울,2025-12-27 11:00,-2.3,,,9,1.6,,48,
108,서울,2025-12-27 12:00,-1.1,,,9,1.8,,49,
108,서울,2025-12-27 13:00,-.5,,,9,2,,50,
108,서울,2025-12-27 14:00,-.2,,,9,1.8,,51,
108,서울,2025-12-27 15:00,.4,,,9,1.6,,52,
108,서울,2025-12-27 16:00,.4,,,9,1.9,,53,
108,서울,2025-12-27 17:00,.3,,,9,.8,,55,
108,서울,2025-12-27 18:00,-.3,,,9,2.7,,58,
108,서울,2025-12-27 19:00,-.4,,,9,3,,59,
108,서울,2025-12-27 20:00,-.7,,,9,3,,60,
108,서울,2025-12-27 21:00,-.7,,,9,2.8,,61,
108,서울,2025-12-27 22:00,-.4,,,9,2.6,,61,
108,서울,2025-12-27 23:00,-.2,,,9,2.6,,64,
108,서울,2025-12-28 00:00,0,,,9,1.9,,66,
108,서울,2025-12-28 01:00,.1,,,,1.8,,68,
108,서울,2025-12-28 02:00,.3,,,,2.2,,70,
108,서울,2025-12-28 03:00,.3,,,,2.6,,73,
108,서울,2025-12-28 04:00,.5,,,,2.2,,74,
108,서울,2025-12-28 05:00,.5,,,,2.5,,75,
108,서울,2025-12-28 06:00,.5,,,,2.2,,76,
108,서울,2025-12-28 07:00,.5,,,,2.6,,77,
108,서울,2025-12-28 08:00,.6,,,,2.6,,78,
108,서울,2025-12-28 09:00,1,,,,2.4,,78,
108,서울,2025-12-28 10:00,2.1,,,,2.6,,77,
108,서울,2025-12-28 11:00,3,,,,1.9,,75,
108,서울,2025-12-28 12:00,3.8,,,,2.3,,76,
108,서울,2025-12-28 13:00,4.5,,,,1.9,,74,
108,서울,2025-12-28 14:00,5.3,,,,1.6,,73,
108,서울,2025-12-28 15:00,5.8,,,,2.1,,69,
108,서울,2025-12-28 16:00,5.8,,,,1.9,,68,
108,서울,2025-12-28 17:00,5.5,,,9,1.8,,70,
108,서울,2025-12-28 18:00,4.9,,0,,1.9,,72,
108,서울,2025-12-28 19:00,4.4,,,9,2,,75,
108,서울,2025-12-28 20:00,4.4,,,9,1.2,,79,
108,서울,2025-12-28 21:00,4.3,,.1,,1.5,,80,
108,서울,2025-12-28 22:00,4.3,,,9,1.6,,86,
108,서울,2025-12-28 23:00,5.1,,,9,1.8,,89,
108,서울,2025-12-29 00:00,5.1,,.5,,.9,,87,
108,서울,2025-12-29 01:00,4.6,,,,1,,89,
108,서울,2025-12-29 02:00,4.3,,,,1.1,,89,
108,서울,2025-12-29 03:00,4.3,,,,1.1,,90,
108,서울,2025-12-29 04:00,4.1,,,9,1.6,,91,
108,서울,2025-12-29 05:00,3.8,,,9,1.5,,90,
108,서울,2025-12-29 06:00,3.9,,.3,,1.7,,94,
108,서울,2025-12-29 07:00,4.9,,,9,1.5,,94,
108,서울,2025-12-29 08:00,5.1,,,9,.8,,92,
108,서울,2025-12-29 09:00,5,,0,,1.6,,92,
108,서울,2025-12-29 10:00,6.1,,,9,1.1,,93,
108,서울,2025-12-29 11:00,7.8,,,9,1.6,,84,
108,서울,2025-12-29 12:00,8.6,,,9,2.5,,74,
108,서울,2025-12-29 13:00,8.9,,,9,1.9,,73,
108,서울,2025-12-29 14:00,9,,,9,3.7,,68,
108,서울,2025-12-29 15:00,9,,,9,4.1,,61,
108,서울,2025-12-29 16:00,8.2,,,9,4,,60,
108,서울,2025-12-29 17:00,7.1,,,9,2.3,,59,
108,서울,2025-12-29 18:00,5.8,,,9,1.9,,67,
108,서울,2025-12-29 19:00,5.1,,,9,2.7,,73,
108,서울,2025-12-29 20:00,4,,,9,3.5,,69,
108,서울,2025-12-29 21:00,2.7,,,9,2.8,,58,
108,서울,2025-12-29 22:00,1.5,,,9,3.8,,48,
108,서울,2025-12-29 23:00,.4,,,9,1.9,,54,
108,서울,2025-12-30 00:00,-.1,,,9,2.4,,57,
108,서울,2025-12-30 01:00,-.6,,,,2.5,,59,
108,서울,2025-12-30 02:00,-1.4,,,,1.5,,62,
108,서울,2025-12-30 03:00,-1.9,,,,1.9,,63,
108,서울,2025-12-30 04:00,-2.4,,,,1.3,,61,
108,서울,2025-12-30 05:00,-3.2,,,,1.8,,61,
108,서울,2025-12-30 06:00,-3.2,,,,2.3,,60,
108,서울,2025-12-30 07:00,-3.1,,,,1.5,,63,
108,서울,2025-12-30 08:00,-3.6,,,,2.5,,64,
108,서울,2025-12-30 09:00,-3.1,,,,2.4,,61,
108,서울,2025-12-30 10:00,-.8,,,,2.4,,44,
108,서울,2025-12-30 11:00,.3,,,,2.6,,33,
108,서울,2025-12-30 12:00,1.6,,,,3.6,,26,
108,서울,2025-12-30 13:00,2.5,,,,2.9,,26,
108,서울,2025-12-30 14:00,2.9,,,,4.1,,27,
108,서울,2025-12-30 15:00,3.4,,,,3.2,,28,
108,서울,2025-12-30 16:00,2.7,,,,4,,29,
108,서울,2025-12-30 17:00,1.7,,,,2.7,,32,
108,서울,2025-12-30 18:00,.5,,,,1.8,,37,
108,서울,2025-12-30 19:00,-.2,,,,1.7,,38,
108,서울,2025-12-30 20:00,-.5,,,,2.1,,44,
108,서울,2025-12-30 21:00,-.5,,,,2.3,,46,
108,서울,2025-12-30 22:00,-.8,,,,1.6,,46,
108,서울,2025-12-30 23:00,-1,,,,2.6,,44,
108,서울,2025-12-31 00:00,-1.2,,,,3.1,,40,
108,서울,2025-12-31 01:00,-1.5,,,,2.8,,35,
108,서울,2025-12-31 02:00,-2.6,,,,2.2,,37,
108,서울,2025-12-31 03:00,-3.5,,,,2.4,,41,
108,서울,2025-12-31 04:00,-4.4,,,,2.2,,43,
108,서울,2025-12-31 05:00,-5.3,,,,1.7,,46,
108,서울,2025-12-31 06:00,-5.8,,,,2.5,,47,
108,서울,2025-12-31 07:00,-6.3,,,,3.4,,46,
108,서울,2025-12-31 08:00,-7.1,,,,2.7,,49,
108,서울,2025-12-31 09:00,-7.1,,,,2.9,,44,
108,서울,2025-12-31 10:00,-6.2,,,,3.6,,39,
108,서울,2025-12-31 11:00,-5.4,,,,3.3,,33,
108,서울,2025-12-31 12:00,-4.6,,,,3.5,,30,
108,서울,2025-12-31 13:00,-3.8,,,,3.5,,28,
108,서울,2025-12-31 14:00,-3.4,,,,3.6,,27,
108,서울,2025-12-31 15:00,-3,,,,2.9,,28,
108,서울,2025-12-31 16:00,-3.2,,,,4.3,,28,
108,서울,2025-12-31 17:00,-3.9,,,,4.4,,36,
108,서울,2025-12-31 18:00,-4.9,,,,3.4,,40,
108,서울,2025-12-31 19:00,-5.6,,,,3.7,,41,
108,서울,2025-12-31 20:00,-6.3,,,,3.5,,45,
108,서울,2025-12-31 21:00,-7.4,,,,2.2,,48,
108,서울,2025-12-31 22:00,-8.1,,,,1.4,,47,
108,서울,2025-12-31 23:00,-8.7,,,,2.9,,49,
